-- ARTISTAS ----------------------------------------------------------------------------------------------------
INSERT INTO Artista VALUES ('Maria Julia Vieira', 'Fugiat quibusdam animi totam doloremque non vero sed dolore voluptatibus fuga.', '2006-04-14', 'Modernista', 'Anos 1850', 'Benim');
INSERT INTO Artista VALUES ('Yasmin Barros', 'Aliquam vel impedit nam maiores cum tempora commodi vel reiciendis officia expedita.', '2012-10-18', 'Surrealista', 'Anos 1840', 'Jan Mayen');
INSERT INTO Artista VALUES ('Dra. Clarice Mendes', 'Cupiditate impedit temporibus temporibus mollitia explicabo odio ipsa.', '1971-12-19', 'Clássico', 'Anos 1940', 'Albânia');
INSERT INTO Artista VALUES ('Vitória Fernandes', 'Quam cum sit ad tempore blanditiis reiciendis.', '1995-10-31', 'Gótico', 'Anos 2010', 'Geórgia');
INSERT INTO Artista VALUES ('Maria Cecília Novaes', 'Voluptate et amet pariatur vitae consequuntur.', '1993-07-07', 'Cubista', 'Anos 1810', 'São Pedro e Miquelon');
INSERT INTO Artista VALUES ('Natália Ramos', 'Nemo delectus itaque saepe quidem at assumenda quis eius soluta.', '1995-09-05', 'Realista', 'Anos 1820', 'Tuvalu');
INSERT INTO Artista VALUES ('Clara Viana', 'Est dolorem amet molestiae repellendus deleniti pariatur.', '1981-04-22', 'Surrealista', 'Anos 1960', 'Pitcairn');
INSERT INTO Artista VALUES ('Luiz Miguel Correia', 'Dolore doloribus rem excepturi illum voluptates quaerat deleniti.', '1991-07-31', 'Impressionista', 'Anos 1840', 'Marrocos');
INSERT INTO Artista VALUES ('Gabriel da Paz', 'Non voluptatem nemo quis quia eligendi quo.', '2001-05-14', 'Indianista', 'Anos 1880', 'Camarões');
INSERT INTO Artista VALUES ('Ian Moreira', 'Velit aperiam ipsa porro sit voluptate voluptatibus quis dignissimos vel dolore.', '1970-07-21', 'Modernista', 'Anos 2000', 'Estônia');
INSERT INTO Artista VALUES ('Davi Luiz Farias', 'Nihil repellendus officia pariatur velit pariatur fuga cupiditate iste nesciunt.', '1993-07-27', 'Surrealista', 'Anos 2000', 'Guiné');
INSERT INTO Artista VALUES ('Dr. Lucca Ramos', 'Officia laudantium dolorum sit aspernatur exercitationem.', '2014-11-18', 'Realista', 'Anos 1810', 'Coral Sea Islands');
INSERT INTO Artista VALUES ('Sr. Gabriel Costela', 'Sunt incidunt cum temporibus in sit.', '1973-05-11', 'Surrealista', 'Anos 1980', 'República Dominicana');
INSERT INTO Artista VALUES ('Ana Sophia Pinto', 'Velit necessitatibus eum eveniet ipsam distinctio architecto delectus deserunt.', '1994-02-19', 'Cubista', 'Anos 1890', 'Andorra');
INSERT INTO Artista VALUES ('Sr. Pietro Jesus', 'Aperiam incidunt autem cupiditate laborum cupiditate optio vitae consequuntur quod doloribus quis.', '1976-11-12', 'Dadaista', 'Anos 1830', 'Malta');
INSERT INTO Artista VALUES ('Lucas Souza', 'Quod aliquid quis blanditiis magnam minima.', '1989-12-01', 'Modernista', 'Anos 1830', 'Guatemala');
INSERT INTO Artista VALUES ('Maria Alice Silva', 'Dignissimos odit assumenda distinctio praesentium ab.', '1979-03-20', 'Grafitti', 'Anos 1940', 'Madagáscar');
INSERT INTO Artista VALUES ('Srta. Mariana Melo', 'Voluptates reiciendis autem perferendis aut aperiam.', '2000-03-05', 'Gótico', 'Anos 1930', 'República Checa');
INSERT INTO Artista VALUES ('Enrico Moreira', 'Illo reprehenderit quae perspiciatis distinctio deleniti perspiciatis quas quibusdam delectus recusandae nemo.', '1993-08-18', 'Surrealista', 'Anos 2010', 'Panamá');
INSERT INTO Artista VALUES ('Sra. Julia Pereira', 'Error dolor culpa eos similique occaecati a occaecati.', '2002-10-12', 'Gótico', 'Anos 1980', 'Marianas do Norte');
INSERT INTO Artista VALUES ('Manuela Gomes', 'Debitis ea suscipit a itaque eaque magni possimus nemo minus natus eaque provident.', '2001-10-16', 'Clássico', 'Anos 1940', 'Laos');
INSERT INTO Artista VALUES ('Luiz Fernando Aragão', 'Nam mollitia soluta veritatis quam necessitatibus consequatur deserunt maiores quasi quidem aspernatur.', '2000-07-06', 'Clássico', 'Anos 1990', 'Iran');
INSERT INTO Artista VALUES ('Pietro Pereira', 'Labore nam nemo ea quaerat earum minus corporis explicabo quam placeat.', '1993-10-08', 'Surrealista', 'Anos 1940', 'Suíça');
INSERT INTO Artista VALUES ('Kamilly Ferreira', 'Debitis quam suscipit voluptas accusantium deleniti alias corporis natus excepturi autem voluptatibus alias.', '2020-04-05', 'Barroco', 'Anos 1880', 'Hong Kong');
INSERT INTO Artista VALUES ('Dra. Isadora Campos', 'Velit molestias saepe placeat delectus consequuntur dolores.', '1983-08-21', 'Barroco', 'Anos 1830', 'Mauritânia');
INSERT INTO Artista VALUES ('Dr. Pedro Lucas da Rosa', 'Beatae animi ex atque quidem iure temporibus.', '1984-08-23', 'Dadaista', 'Anos 1820', 'Gibraltar');
INSERT INTO Artista VALUES ('Ana Beatriz Nogueira', 'Quasi illum quasi minima nesciunt sed provident possimus quibusdam nemo.', '2004-09-03', 'Realista', 'Anos 1800', 'Singapura');
INSERT INTO Artista VALUES ('Otávio Mendes', 'Odio non asperiores commodi minima fugiat culpa fuga harum inventore facere.', '2004-04-08', 'Dadaista', 'Anos 1890', 'Vietnam');
INSERT INTO Artista VALUES ('Renan da Rosa', 'Animi dolorum ratione quae blanditiis atque molestiae libero veniam incidunt sit.', '1970-09-03', 'Indianista', 'Anos 1810', 'Tajiquistão');
INSERT INTO Artista VALUES ('Ana Lívia Rezende', 'Totam culpa eum ducimus nemo harum quia eligendi minus.', '1996-07-30', 'Barroco', 'Anos 1970', 'Marianas do Norte');
-- PINTURAS ----------------------------------------------------------------------------------------------------
INSERT INTO Objetosarte VALUES (112, 'Debitis.', 'Sint recusandae doloribus enim delectus quaerat quibusdam perspiciatis facere.','2005', 'Anos 1814', 'Quiribáti', 'Gótico','Pinturas', 'Pinturas feita sob demanda', 'Pietro Pereira', 60695.21);
INSERT INTO Pinturas VALUES (112, 'Aquarela', 'Suporte Excepturi.');
INSERT INTO Objetosarte VALUES (904, 'Ipsam pariatur.', 'Quis explicabo autem dolor praesentium perferendis reprehenderit enim.','1993', 'Anos 1869', 'Índia', 'Indianista','Pinturas', 'Pinturas feita sob demanda', 'Ana Beatriz Nogueira', 95573.88);
INSERT INTO Pinturas VALUES (904, 'Acrílica', 'Suporte Sunt.');
INSERT INTO Objetosarte VALUES (860, 'Facilis.', 'Similique repudiandae sequi molestias reprehenderit tempore blanditiis vero rerum.','1975', 'Anos 1931', 'Vanuatu', 'Gótico','Pinturas', 'Pinturas rupestre', 'Lucas Souza', 14447.85);
INSERT INTO Pinturas VALUES (860, 'Acrílica', 'Suporte Vitae perspiciatis.');
INSERT INTO Objetosarte VALUES (915, 'Odit.', 'Earum illum voluptatem quas hic odit eveniet quisquam fugiat.','1971', 'Anos 1927', 'Akrotiri', 'Indianista','Pinturas', 'Pinturas rupestre', 'Srta. Mariana Melo', 69311.53);
INSERT INTO Pinturas VALUES (915, 'Acrílica', 'Suporte Quod maiores.');
INSERT INTO Objetosarte VALUES (808, 'Id.', 'Et iure nihil temporibus voluptatum sit deserunt officia quidem quam fugit.','1974', 'Anos 1945', 'Clipperton Island', 'Impressionista','Pinturas', 'Pinturas rupestre', 'Otávio Mendes', 94328.04);
INSERT INTO Pinturas VALUES (808, 'Aquarela', 'Suporte Placeat.');
INSERT INTO Objetosarte VALUES (386, 'Totam.', 'Totam quidem temporibus delectus consequuntur ut vel.','2008', 'Anos 1916', 'Filipinas', 'Cubista','Pinturas', 'Pinturas fabricada', 'Yasmin Barros', 3043.85);
INSERT INTO Pinturas VALUES (386, 'Guache', 'Suporte Iste.');
INSERT INTO Objetosarte VALUES (659, 'Nobis.', 'Delectus quisquam quis consequatur unde quidem culpa.','2005', 'Anos 1809', 'União Europeia', 'Impressionista','Pinturas', 'Pinturas fabricada', 'Otávio Mendes', 8608.46);
INSERT INTO Pinturas VALUES (659, 'Guache', 'Suporte Magnam.');
INSERT INTO Objetosarte VALUES (738, 'Fugit cum.', 'Laboriosam deserunt quos provident ex sunt.','2012', 'Anos 1942', 'Eritreia', 'Indianista','Pinturas', 'Pinturas feita sob demanda', 'Dr. Pedro Lucas da Rosa', 12158.71);
INSERT INTO Pinturas VALUES (738, 'Guache', 'Suporte Esse excepturi.');
INSERT INTO Objetosarte VALUES (966, 'Tempora.', 'Pariatur debitis earum porro voluptatibus tenetur illum.','2018', 'Anos 2009', 'Eslováquia', 'Indianista','Pinturas', 'Pinturas rupestre', 'Ana Sophia Pinto', 35333.92);
INSERT INTO Pinturas VALUES (966, 'Guache', 'Suporte Possimus reprehenderit.');
INSERT INTO Objetosarte VALUES (576, 'Impedit corrupti.', 'Optio sit quibusdam maiores quia dignissimos facere.','1972', 'Anos 1898', 'Gibraltar', 'Surrealista','Pinturas', 'Pinturas fabricada', 'Dr. Lucca Ramos', 44222.83);
INSERT INTO Pinturas VALUES (576, 'Epóxi', 'Suporte Sint.');
INSERT INTO Objetosarte VALUES (76, 'Blanditiis reprehenderit.', 'Quas nisi consequuntur rem quidem voluptatem occaecati molestias eveniet itaque esse.','2018', 'Anos 1837', 'Burquina Faso', 'Dadaista','Pinturas', 'Pinturas fabricada', 'Natália Ramos', 65247.14);
INSERT INTO Pinturas VALUES (76, 'Latéx', 'Suporte Magni culpa.');
INSERT INTO Objetosarte VALUES (367, 'Id tenetur.', 'Tenetur corporis dolor quasi iure nobis commodi.','2013', 'Anos 1863', 'Bósnia e Herzegovina', 'Cubista','Pinturas', 'Pinturas feita sob demanda', 'Otávio Mendes', 493.62);
INSERT INTO Pinturas VALUES (367, 'Óleo', 'Suporte Quis excepturi.');
INSERT INTO Objetosarte VALUES (655, 'Ullam.', 'Explicabo perferendis natus veniam sunt ea explicabo a similique.','1995', 'Anos 1911', 'Iraque', 'Impressionista','Pinturas', 'Pinturas feita sob demanda', 'Yasmin Barros', 29596.07);
INSERT INTO Pinturas VALUES (655, 'Aquarela', 'Suporte Libero.');
INSERT INTO Objetosarte VALUES (251, 'Repudiandae.', 'Incidunt sint nostrum officia aspernatur debitis quibusdam beatae error nostrum perspiciatis rem.','1987', 'Anos 1822', 'Azerbaijão', 'Modernista','Pinturas', 'Pinturas rupestre', 'Sra. Julia Pereira', 15796.77);
INSERT INTO Pinturas VALUES (251, 'Acrílica', 'Suporte Iure.');
INSERT INTO Objetosarte VALUES (410, 'Tempore.', 'Nostrum harum similique assumenda mollitia incidunt doloribus expedita ex pariatur adipisci aliquam.','2016', 'Anos 1986', 'Man, Isle of', 'Grafitti','Pinturas', 'Pinturas fabricada', 'Sra. Julia Pereira', 39981.21);
INSERT INTO Pinturas VALUES (410, 'Latéx', 'Suporte In deserunt.');
INSERT INTO Objetosarte VALUES (577, 'Velit perspiciatis.', 'Explicabo illum eligendi veritatis quis architecto.','1980', 'Anos 1900', 'Palau', 'Dadaista','Pinturas', 'Pinturas fabricada', 'Enrico Moreira', 59941.47);
INSERT INTO Pinturas VALUES (577, 'Latéx', 'Suporte Commodi veniam.');
INSERT INTO Objetosarte VALUES (616, 'Minima.', 'Perspiciatis est repellat illo dignissimos suscipit consectetur.','2001', 'Anos 1897', 'Costa Rica', 'Indianista','Pinturas', 'Pinturas feita sob demanda', 'Luiz Fernando Aragão', 12534.65);
INSERT INTO Pinturas VALUES (616, 'Acrílica', 'Suporte Veniam.');
INSERT INTO Objetosarte VALUES (429, 'Facere repellendus.', 'Repellat soluta dolores dolorem similique nesciunt minus porro inventore quam sit laudantium.','1978', 'Anos 1863', 'Bahamas', 'Modernista','Pinturas', 'Pinturas fabricada', 'Dr. Pedro Lucas da Rosa', 59887.47);
INSERT INTO Pinturas VALUES (429, 'Latéx', 'Suporte Magnam quo.');
INSERT INTO Objetosarte VALUES (97, 'Eveniet.', 'Modi similique magni culpa saepe at sed labore.','1980', 'Anos 1941', 'Taiwan', 'Cubista','Pinturas', 'Pinturas rupestre', 'Ana Sophia Pinto', 86946.78);
INSERT INTO Pinturas VALUES (97, 'Óleo', 'Suporte Sunt quis.');
INSERT INTO Objetosarte VALUES (482, 'Magni.', 'Voluptatem facilis totam voluptatem distinctio sed.','1998', 'Anos 1815', 'Paracel Islands', 'Barroco','Pinturas', 'Pinturas fabricada', 'Sr. Pietro Jesus', 15386.75);
INSERT INTO Pinturas VALUES (482, 'Latéx', 'Suporte Non.');
INSERT INTO Objetosarte VALUES (768, 'Veniam incidunt.', 'Earum repellendus blanditiis consequatur tenetur et perspiciatis consectetur sint eius quam laborum.','1997', 'Anos 1841', 'Clipperton Island', 'Clássico','Pinturas', 'Pinturas fabricada', 'Renan da Rosa', 86275.25);
INSERT INTO Pinturas VALUES (768, 'Latéx', 'Suporte Tempora officia.');
INSERT INTO Objetosarte VALUES (585, 'Nesciunt recusandae.', 'Quisquam asperiores sit cumque pariatur facere voluptate tempora.','1999', 'Anos 1854', 'Líbano', 'Indianista','Pinturas', 'Pinturas rupestre', 'Ian Moreira', 77581.24);
INSERT INTO Pinturas VALUES (585, 'Aquarela', 'Suporte Tenetur.');
INSERT INTO Objetosarte VALUES (169, 'Voluptatibus optio.', 'Laboriosam quia iusto ea ipsa accusamus nam sed magni.','1996', 'Anos 1876', 'Noruega', 'Realista','Pinturas', 'Pinturas rupestre', 'Dr. Lucca Ramos', 15662.74);
INSERT INTO Pinturas VALUES (169, 'Acrílica', 'Suporte Voluptatum.');
INSERT INTO Objetosarte VALUES (478, 'Nulla.', 'Aliquam totam dolores facere officia ut eligendi iusto perferendis tenetur corporis corrupti repellat.','1999', 'Anos 1866', 'Costa do Marfim', 'Surrealista','Pinturas', 'Pinturas feita sob demanda', 'Otávio Mendes', 62946.48);
INSERT INTO Pinturas VALUES (478, 'Latéx', 'Suporte Deleniti.');
INSERT INTO Objetosarte VALUES (267, 'Aliquam aliquam.', 'Fugit repudiandae excepturi tempore labore sapiente sit veniam eligendi.','1996', 'Anos 1823', 'Armênia', 'Realista','Pinturas', 'Pinturas feita sob demanda', 'Ana Sophia Pinto', 64066.58);
INSERT INTO Pinturas VALUES (267, 'Óleo', 'Suporte Id.');
INSERT INTO Objetosarte VALUES (707, 'Magnam.', 'Sapiente beatae quis officia dolorum eius adipisci natus tempore minus sed voluptas nulla.','2003', 'Anos 1999', 'Anguila', 'Indianista','Pinturas', 'Pinturas fabricada', 'Davi Luiz Farias', 35180.55);
INSERT INTO Pinturas VALUES (707, 'Aquarela', 'Suporte Dolore incidunt.');
INSERT INTO Objetosarte VALUES (528, 'Doloribus.', 'Harum dolorem recusandae error rem fuga incidunt autem expedita.','1985', 'Anos 1930', 'Panamá', 'Barroco','Pinturas', 'Pinturas rupestre', 'Sr. Gabriel Costela', 96918.64);
INSERT INTO Pinturas VALUES (528, 'Epóxi', 'Suporte Magni ipsa.');
INSERT INTO Objetosarte VALUES (369, 'Minus.', 'Neque odio ullam ex sint dolor dicta.','2018', 'Anos 1957', 'Zâmbia', 'Grafitti','Pinturas', 'Pinturas rupestre', 'Dra. Isadora Campos', 64993.40);
INSERT INTO Pinturas VALUES (369, 'Acrílica', 'Suporte Voluptas.');
INSERT INTO Objetosarte VALUES (580, 'Quisquam.', 'Laboriosam nostrum molestias quibusdam fugit itaque nemo blanditiis illo incidunt harum.','2004', 'Anos 1952', 'República Dominicana', 'Dadaista','Pinturas', 'Pinturas feita sob demanda', 'Pietro Pereira', 50528.23);
INSERT INTO Pinturas VALUES (580, 'Latéx', 'Suporte Dignissimos provident.');
INSERT INTO Objetosarte VALUES (217, 'Quisquam.', 'Reiciendis consequatur amet deserunt iusto cupiditate.','2011', 'Anos 2008', 'República Checa', 'Realista','Pinturas', 'Pinturas feita sob demanda', 'Ana Beatriz Nogueira', 43060.60);
INSERT INTO Pinturas VALUES (217, 'Aquarela', 'Suporte Magni eligendi.');
INSERT INTO Objetosarte VALUES (690, 'Velit corporis.', 'Nesciunt voluptatibus doloribus impedit tenetur quis dignissimos ipsum.','1976', 'Anos 1842', 'Eslovênia', 'Dadaista','Pinturas', 'Pinturas rupestre', 'Luiz Miguel Correia', 20733.59);
INSERT INTO Pinturas VALUES (690, 'Latéx', 'Suporte Mollitia.');
INSERT INTO Objetosarte VALUES (459, 'Illo.', 'Assumenda nesciunt molestiae maxime ut rem atque modi pariatur sequi.','2013', 'Anos 1893', 'Vanuatu', 'Modernista','Pinturas', 'Pinturas fabricada', 'Renan da Rosa', 11743.24);
INSERT INTO Pinturas VALUES (459, 'Aquarela', 'Suporte Deleniti.');
INSERT INTO Objetosarte VALUES (975, 'Unde.', 'Pariatur quia magnam exercitationem sit pariatur.','1989', 'Anos 1953', 'Dhekelia', 'Barroco','Pinturas', 'Pinturas feita sob demanda', 'Otávio Mendes', 26025.76);
INSERT INTO Pinturas VALUES (975, 'Latéx', 'Suporte Neque provident.');
INSERT INTO Objetosarte VALUES (660, 'Ducimus sint.', 'Atque temporibus doloribus aliquam amet blanditiis aut magni assumenda eos.','2004', 'Anos 1827', 'Catar', 'Cubista','Pinturas', 'Pinturas rupestre', 'Maria Cecília Novaes', 9845.53);
INSERT INTO Pinturas VALUES (660, 'Epóxi', 'Suporte Aliquid officiis.');
INSERT INTO Objetosarte VALUES (11, 'Sunt neque.', 'Deleniti voluptate nemo veniam odit non nesciunt sunt odio eius ipsam.','2016', 'Anos 1931', 'Moçambique', 'Cubista','Pinturas', 'Pinturas fabricada', 'Dra. Clarice Mendes', 39018.59);
INSERT INTO Pinturas VALUES (11, 'Acrílica', 'Suporte Aliquid ab.');
INSERT INTO Objetosarte VALUES (959, 'Omnis.', 'Adipisci dolor praesentium cum veniam quaerat reiciendis quam voluptatem eos.','2017', 'Anos 2005', 'Montenegro', 'Realista','Pinturas', 'Pinturas fabricada', 'Sra. Julia Pereira', 95836.56);
INSERT INTO Pinturas VALUES (959, 'Óleo', 'Suporte Accusantium aperiam.');
INSERT INTO Objetosarte VALUES (264, 'Quia ea.', 'Voluptate assumenda inventore quaerat ad praesentium in corporis adipisci architecto.','2018', 'Anos 1927', 'Azerbaijão', 'Grafitti','Pinturas', 'Pinturas feita sob demanda', 'Otávio Mendes', 67431.19);
INSERT INTO Pinturas VALUES (264, 'Acrílica', 'Suporte Repellat fugit.');
INSERT INTO Objetosarte VALUES (83, 'Molestias.', 'Illo veniam ipsum voluptatem earum consequuntur hic debitis doloremque.','2004', 'Anos 1895', 'Antártica', 'Gótico','Pinturas', 'Pinturas feita sob demanda', 'Maria Alice Silva', 1226.22);
INSERT INTO Pinturas VALUES (83, 'Aquarela', 'Suporte Quas laboriosam.');
INSERT INTO Objetosarte VALUES (133, 'Sint.', 'Modi iure tempora assumenda corrupti quidem exercitationem.','2011', 'Anos 1950', 'Ucrânia', 'Indianista','Pinturas', 'Pinturas fabricada', 'Gabriel da Paz', 10439.00);
INSERT INTO Pinturas VALUES (133, 'Epóxi', 'Suporte Eum voluptate.');
INSERT INTO Objetosarte VALUES (979, 'Repellat.', 'Dolores aspernatur facilis voluptates cumque quae quod voluptate suscipit exercitationem perspiciatis repudiandae.','2005', 'Anos 1944', 'Antártica', 'Indianista','Pinturas', 'Pinturas rupestre', 'Dr. Lucca Ramos', 60392.60);
INSERT INTO Pinturas VALUES (979, 'Latéx', 'Suporte Sapiente.');
INSERT INTO Objetosarte VALUES (448, 'Aliquam labore.', 'Voluptates dolor reiciendis iure a ipsa.','2005', 'Anos 1878', 'Malásia', 'Grafitti','Pinturas', 'Pinturas fabricada', 'Sr. Gabriel Costela', 24674.35);
INSERT INTO Pinturas VALUES (448, 'Óleo', 'Suporte Consequuntur debitis.');
INSERT INTO Objetosarte VALUES (733, 'Ab.', 'Aperiam minus beatae voluptate alias id optio iure delectus minima.','2012', 'Anos 1933', 'Ilhas Salomão', 'Clássico','Pinturas', 'Pinturas feita sob demanda', 'Maria Alice Silva', 50773.38);
INSERT INTO Pinturas VALUES (733, 'Óleo', 'Suporte Maxime rerum.');
INSERT INTO Objetosarte VALUES (618, 'Laborum unde.', 'Tenetur hic quaerat consectetur aliquam hic delectus nisi.','1976', 'Anos 1933', 'São Cristóvão e Neves', 'Dadaista','Pinturas', 'Pinturas rupestre', 'Lucas Souza', 38779.70);
INSERT INTO Pinturas VALUES (618, 'Guache', 'Suporte Expedita minima.');
INSERT INTO Objetosarte VALUES (784, 'Adipisci ipsam.', 'Quam nam possimus tempora corporis nam harum reiciendis iusto hic sequi dignissimos dolor.','2004', 'Anos 1943', 'Libéria', 'Grafitti','Pinturas', 'Pinturas feita sob demanda', 'Sr. Gabriel Costela', 6860.99);
INSERT INTO Pinturas VALUES (784, 'Óleo', 'Suporte Recusandae.');
INSERT INTO Objetosarte VALUES (872, 'Et tempore.', 'Neque maiores adipisci dolorem itaque enim sequi explicabo officiis.','2001', 'Anos 1838', 'Suazilândia', 'Realista','Pinturas', 'Pinturas feita sob demanda', 'Lucas Souza', 3819.85);
INSERT INTO Pinturas VALUES (872, 'Aquarela', 'Suporte Occaecati aperiam.');
INSERT INTO Objetosarte VALUES (822, 'Earum fugiat.', 'Consectetur occaecati consequuntur earum ipsam aliquam ab quibusdam.','1973', 'Anos 1852', 'Croácia', 'Dadaista','Pinturas', 'Pinturas feita sob demanda', 'Sra. Julia Pereira', 58116.11);
INSERT INTO Pinturas VALUES (822, 'Epóxi', 'Suporte Autem.');
INSERT INTO Objetosarte VALUES (92, 'Recusandae.', 'Fugit enim maxime sapiente aut enim cum.','2011', 'Anos 1954', 'Irlanda', 'Cubista','Pinturas', 'Pinturas fabricada', 'Kamilly Ferreira', 67710.23);
INSERT INTO Pinturas VALUES (92, 'Óleo', 'Suporte Fuga.');
INSERT INTO Objetosarte VALUES (916, 'Nesciunt placeat.', 'Minus similique commodi vero eaque saepe.','2013', 'Anos 1887', 'Bermudas', 'Dadaista','Pinturas', 'Pinturas fabricada', 'Dra. Clarice Mendes', 65547.52);
INSERT INTO Pinturas VALUES (916, 'Aquarela', 'Suporte Reiciendis dicta.');
INSERT INTO Objetosarte VALUES (748, 'Minima accusamus.', 'Doloribus ad harum cupiditate fugit suscipit.','1994', 'Anos 1924', 'Tonga', 'Impressionista','Pinturas', 'Pinturas fabricada', 'Manuela Gomes', 66548.85);
INSERT INTO Pinturas VALUES (748, 'Latéx', 'Suporte Eligendi.');
INSERT INTO Objetosarte VALUES (487, 'Asperiores.', 'Laudantium repudiandae excepturi deserunt temporibus cum commodi corrupti voluptates tempora incidunt tenetur animi.','1983', 'Anos 1958', 'Eslovênia', 'Surrealista','Pinturas', 'Pinturas rupestre', 'Lucas Souza', 74023.29);
INSERT INTO Pinturas VALUES (487, 'Latéx', 'Suporte Libero.');
-- ESCULTURAS ----------------------------------------------------------------------------------------------------
INSERT INTO Objetosarte VALUES (36, 'Sequi.', 'Earum quasi soluta dicta delectus assumenda quos.','1985', 'Anos 1992', 'Brasil', 'Indianista','Esculturas', 'Esculturas fabricada', 'Pietro Pereira', 50225.64);
INSERT INTO Esculturas VALUES (36, 'Ferro', 4.89, 2983.81);
INSERT INTO Objetosarte VALUES (829, 'Pariatur at.', 'Assumenda in occaecati optio amet atque porro odio.','2017', 'Anos 1876', 'Sri Lanka', 'Barroco','Esculturas', 'Esculturas feita sob demanda', 'Dra. Isadora Campos', 59468.36);
INSERT INTO Esculturas VALUES (829, 'Metal', 8.2, 1094.49);
INSERT INTO Objetosarte VALUES (350, 'Maxime repellat.', 'Quae nesciunt et pariatur necessitatibus repudiandae blanditiis.','1994', 'Anos 1993', 'Dhekelia', 'Modernista','Esculturas', 'Esculturas em miniatura', 'Enrico Moreira', 77347.04);
INSERT INTO Esculturas VALUES (350, 'Vidro', 7.64, 2941.69);
INSERT INTO Objetosarte VALUES (999, 'Qui odit.', 'Qui numquam nihil expedita quam recusandae vero praesentium rerum impedit exercitationem magni velit.','1985', 'Anos 1974', 'Irlanda', 'Surrealista','Esculturas', 'Esculturas feita sob demanda', 'Yasmin Barros', 58217.53);
INSERT INTO Esculturas VALUES (999, 'Cobre', 13.29, 830.85);
INSERT INTO Objetosarte VALUES (75, 'Nam.', 'Blanditiis voluptatibus libero dolore impedit officiis.','2005', 'Anos 2004', 'São Cristóvão e Neves', 'Realista','Esculturas', 'Esculturas feita sob demanda', 'Ana Lívia Rezende', 15497.86);
INSERT INTO Esculturas VALUES (75, 'Fibra', 18.79, 529.52);
INSERT INTO Objetosarte VALUES (502, 'Rerum corrupti.', 'Voluptates officiis officia qui quod sequi repellendus.','2011', 'Anos 1877', 'Jersey', 'Dadaista','Esculturas', 'Esculturas feita sob demanda', 'Lucas Souza', 80557.35);
INSERT INTO Esculturas VALUES (502, 'Carbono', 6.78, 1317.09);
INSERT INTO Objetosarte VALUES (492, 'Exercitationem neque.', 'Veniam rem molestias repellendus consectetur suscipit corporis.','1994', 'Anos 1833', 'Sudão', 'Surrealista','Esculturas', 'Esculturas fabricada', 'Sr. Pietro Jesus', 28088.24);
INSERT INTO Esculturas VALUES (492, 'Prata', 5.92, 472.27);
INSERT INTO Objetosarte VALUES (252, 'A.', 'Perspiciatis qui laudantium deleniti ea odio voluptate repudiandae.','1998', 'Anos 1933', 'Ruanda', 'Cubista','Esculturas', 'Esculturas feita sob demanda', 'Otávio Mendes', 28697.67);
INSERT INTO Esculturas VALUES (252, 'Prata', 2.13, 2175.13);
INSERT INTO Objetosarte VALUES (884, 'Consequuntur natus.', 'Tempora sint voluptas alias tempora iusto nobis odio totam quod.','1991', 'Anos 1926', 'Ilha Bouvet', 'Grafitti','Esculturas', 'Esculturas em miniatura', 'Lucas Souza', 71734.16);
INSERT INTO Esculturas VALUES (884, 'Fibra', 16.83, 331.69);
INSERT INTO Objetosarte VALUES (622, 'Maxime.', 'Praesentium consectetur hic nam odio deleniti iure beatae voluptatem commodi at assumenda numquam.','2011', 'Anos 1931', 'Monserrate', 'Barroco','Esculturas', 'Esculturas em miniatura', 'Maria Cecília Novaes', 23273.41);
INSERT INTO Esculturas VALUES (622, 'Metal', 6.07, 2424.81);
INSERT INTO Objetosarte VALUES (238, 'Odio nisi.', 'Error optio voluptates fugiat laboriosam nesciunt libero voluptatibus hic.','2013', 'Anos 1956', 'Malásia', 'Dadaista','Esculturas', 'Esculturas em miniatura', 'Ana Sophia Pinto', 89568.37);
INSERT INTO Esculturas VALUES (238, 'Ferro', 3.89, 1803.63);
INSERT INTO Objetosarte VALUES (991, 'Necessitatibus consectetur.', 'Repellendus aperiam similique dicta consequatur libero harum sapiente occaecati odit laboriosam molestias.','1971', 'Anos 1879', 'Países Baixos', 'Impressionista','Esculturas', 'Esculturas em miniatura', 'Gabriel da Paz', 63297.80);
INSERT INTO Esculturas VALUES (991, 'Ferro', 5.39, 1105.1);
INSERT INTO Objetosarte VALUES (300, 'Animi cum.', 'Odio voluptatibus suscipit quasi error deserunt repellendus hic quisquam.','2007', 'Anos 1814', 'Indonésia', 'Modernista','Esculturas', 'Esculturas em miniatura', 'Ian Moreira', 68366.30);
INSERT INTO Esculturas VALUES (300, 'Metal', 13.73, 1794.94);
INSERT INTO Objetosarte VALUES (409, 'Dolores.', 'Facere modi a quis culpa dolorem.','2020', 'Anos 1948', 'Israel', 'Clássico','Esculturas', 'Esculturas feita sob demanda', 'Dr. Pedro Lucas da Rosa', 66488.18);
INSERT INTO Esculturas VALUES (409, 'Prata', 9.66, 2406.25);
INSERT INTO Objetosarte VALUES (653, 'Eligendi error.', 'Odit repudiandae et aliquid esse tempora facere animi.','2018', 'Anos 1840', 'Ruanda', 'Realista','Esculturas', 'Esculturas em miniatura', 'Manuela Gomes', 6416.48);
INSERT INTO Esculturas VALUES (653, 'Ouro', 17.78, 2027.28);
INSERT INTO Objetosarte VALUES (90, 'Officia.', 'Quos consectetur aperiam accusantium laborum possimus blanditiis illo.','2019', 'Anos 1936', 'Argélia', 'Clássico','Esculturas', 'Esculturas feita sob demanda', 'Ian Moreira', 54829.84);
INSERT INTO Esculturas VALUES (90, 'Metal', 16.25, 2057.19);
INSERT INTO Objetosarte VALUES (423, 'Corporis.', 'Ipsum laboriosam consectetur veniam voluptates aperiam.','1993', 'Anos 1896', 'Gana', 'Cubista','Esculturas', 'Esculturas feita sob demanda', 'Ana Lívia Rezende', 51982.86);
INSERT INTO Esculturas VALUES (423, 'Vidro', 18.76, 2161.31);
INSERT INTO Objetosarte VALUES (821, 'Corrupti officia.', 'Repellat doloribus aut dolorem assumenda beatae cum architecto quidem.','1982', 'Anos 1983', 'Clipperton Island', 'Grafitti','Esculturas', 'Esculturas fabricada', 'Davi Luiz Farias', 70963.00);
INSERT INTO Esculturas VALUES (821, 'Cobre', 2.55, 2010.41);
INSERT INTO Objetosarte VALUES (60, 'Ex voluptatum.', 'Facere soluta numquam harum illum sint exercitationem.','2007', 'Anos 1980', 'Bélgica', 'Surrealista','Esculturas', 'Esculturas em miniatura', 'Dra. Clarice Mendes', 12017.62);
INSERT INTO Esculturas VALUES (60, 'Ferro', 11.48, 2222.52);
INSERT INTO Objetosarte VALUES (361, 'Odit.', 'Odio nihil nemo sit veritatis perferendis nam nemo.','1985', 'Anos 1900', 'Zimbabué', 'Realista','Esculturas', 'Esculturas feita sob demanda', 'Yasmin Barros', 63505.82);
INSERT INTO Esculturas VALUES (361, 'Vidro', 1.08, 571.67);
INSERT INTO Objetosarte VALUES (145, 'Autem.', 'Aliquid deserunt ducimus possimus optio porro odio nulla maiores repellat nam esse.','2000', 'Anos 1960', 'Bermudas', 'Indianista','Esculturas', 'Esculturas feita sob demanda', 'Sr. Gabriel Costela', 6563.06);
INSERT INTO Esculturas VALUES (145, 'Ferro', 14.68, 1494.76);
INSERT INTO Objetosarte VALUES (445, 'Dolore.', 'Voluptate temporibus reiciendis dicta modi voluptatibus perspiciatis consectetur labore omnis cum commodi.','1973', 'Anos 1916', 'Samoa Americana', 'Dadaista','Esculturas', 'Esculturas fabricada', 'Manuela Gomes', 77143.55);
INSERT INTO Esculturas VALUES (445, 'Fibra', 1.52, 1671.46);
INSERT INTO Objetosarte VALUES (362, 'Et dolorem.', 'Omnis voluptas nobis ipsam eum at velit vel sunt.','1992', 'Anos 1985', 'Roménia', 'Modernista','Esculturas', 'Esculturas em miniatura', 'Srta. Mariana Melo', 38262.67);
INSERT INTO Esculturas VALUES (362, 'Cobre', 8.32, 461.23);
INSERT INTO Objetosarte VALUES (667, 'Unde.', 'Voluptatum quasi commodi aliquid iusto quia consequatur.','2000', 'Anos 1994', 'República Centro-Africana', 'Cubista','Esculturas', 'Esculturas feita sob demanda', 'Clara Viana', 4551.26);
INSERT INTO Esculturas VALUES (667, 'Carbono', 3.94, 2190.2);
INSERT INTO Objetosarte VALUES (764, 'Natus.', 'Amet natus qui a culpa ratione sint.','2018', 'Anos 1846', 'Moldávia', 'Realista','Esculturas', 'Esculturas em miniatura', 'Enrico Moreira', 60695.21);
INSERT INTO Esculturas VALUES (764, 'Vidro', 2.48, 1424.19);
INSERT INTO Objetosarte VALUES (390, 'Quia deleniti.', 'Illum rerum hic iusto necessitatibus nemo minus illum illum ipsa aut tenetur maxime.','2004', 'Anos 1832', 'Iraque', 'Gótico','Esculturas', 'Esculturas em miniatura', 'Luiz Miguel Correia', 95573.88);
INSERT INTO Esculturas VALUES (390, 'Ferro', 18.73, 1298.34);
INSERT INTO Objetosarte VALUES (795, 'Explicabo nostrum.', 'Labore ullam reprehenderit ipsam temporibus totam corrupti perferendis facilis provident cum exercitationem eos minus.','1973', 'Anos 1857', 'Quênia', 'Gótico','Esculturas', 'Esculturas em miniatura', 'Luiz Fernando Aragão', 14447.85);
INSERT INTO Esculturas VALUES (795, 'Prata', 18.11, 461.22);
INSERT INTO Objetosarte VALUES (137, 'Quis corrupti.', 'Architecto officia corrupti dignissimos consequatur dolore explicabo quasi ipsum ipsum.','1983', 'Anos 1981', 'Navassa Island', 'Cubista','Esculturas', 'Esculturas fabricada', 'Maria Cecília Novaes', 69311.53);
INSERT INTO Esculturas VALUES (137, 'Ouro', 10.41, 584.8);
INSERT INTO Objetosarte VALUES (843, 'Laudantium.', 'Dolorem inventore debitis ducimus totam natus velit inventore sapiente blanditiis alias.','1995', 'Anos 1964', 'Santa Lúcia', 'Modernista','Esculturas', 'Esculturas feita sob demanda', 'Natália Ramos', 94328.04);
INSERT INTO Esculturas VALUES (843, 'Cobre', 10.76, 1939.57);
INSERT INTO Objetosarte VALUES (612, 'Voluptatem.', 'Debitis ipsa nemo nesciunt nam suscipit.','1993', 'Anos 1813', 'Gana', 'Surrealista','Esculturas', 'Esculturas em miniatura', 'Pietro Pereira', 3043.85);
INSERT INTO Esculturas VALUES (612, 'Fibra', 19.16, 720.99);
INSERT INTO Objetosarte VALUES (850, 'Enim.', 'Laborum ipsam aspernatur animi quia ad nisi dolorum a soluta expedita impedit porro.','2015', 'Anos 1888', 'Ruanda', 'Barroco','Esculturas', 'Esculturas fabricada', 'Manuela Gomes', 8608.46);
INSERT INTO Esculturas VALUES (850, 'Cobre', 15.96, 558.22);
INSERT INTO Objetosarte VALUES (480, 'Earum aperiam.', 'Ipsum doloremque dicta sit debitis suscipit quaerat et.','1998', 'Anos 1894', 'Reino Unido', 'Barroco','Esculturas', 'Esculturas em miniatura', 'Kamilly Ferreira', 12158.71);
INSERT INTO Esculturas VALUES (480, 'Vidro', 16.58, 1977.35);
INSERT INTO Objetosarte VALUES (919, 'Optio.', 'Error quia quidem minus quisquam illum.','2019', 'Anos 1995', 'Bósnia e Herzegovina', 'Clássico','Esculturas', 'Esculturas fabricada', 'Enrico Moreira', 35333.92);
INSERT INTO Esculturas VALUES (919, 'Carbono', 14.21, 2372.63);
INSERT INTO Objetosarte VALUES (925, 'Nemo placeat.', 'Numquam nesciunt soluta vero voluptates ex.','1987', 'Anos 1910', 'Jordânia', 'Impressionista','Esculturas', 'Esculturas fabricada', 'Ana Lívia Rezende', 44222.83);
INSERT INTO Esculturas VALUES (925, 'Carbono', 16.6, 39.5);
INSERT INTO Objetosarte VALUES (287, 'Deleniti vel.', 'Cumque labore non repudiandae quo natus similique expedita architecto beatae esse quisquam.','1975', 'Anos 1817', 'Território Britânico do Oceano Índico', 'Indianista','Esculturas', 'Esculturas fabricada', 'Otávio Mendes', 65247.14);
INSERT INTO Esculturas VALUES (287, 'Vidro', 17.07, 1710.37);
INSERT INTO Objetosarte VALUES (415, 'Modi.', 'Tenetur cupiditate quae perspiciatis cumque earum laudantium sit mollitia dolorum.','2014', 'Anos 1875', 'Nicarágua', 'Grafitti','Esculturas', 'Esculturas feita sob demanda', 'Maria Julia Vieira', 493.62);
INSERT INTO Esculturas VALUES (415, 'Prata', 2.29, 202.83);
INSERT INTO Objetosarte VALUES (753, 'At.', 'Eaque fugiat natus voluptate voluptatem possimus minus sapiente eaque aperiam.','1991', 'Anos 1876', 'Granada', 'Modernista','Esculturas', 'Esculturas feita sob demanda', 'Dra. Isadora Campos', 29596.07);
INSERT INTO Esculturas VALUES (753, 'Ferro', 9.8, 1166.12);
INSERT INTO Objetosarte VALUES (241, 'Odit.', 'Ullam voluptatum consequatur adipisci officiis eius adipisci aperiam repellendus deleniti temporibus.','1973', 'Anos 1907', 'Coreia do Norte', 'Dadaista','Esculturas', 'Esculturas feita sob demanda', 'Luiz Fernando Aragão', 15796.77);
INSERT INTO Esculturas VALUES (241, 'Prata', 10.16, 2566.76);
INSERT INTO Objetosarte VALUES (342, 'Repellat.', 'Libero corporis consectetur aspernatur dicta saepe a placeat nihil nam.','1986', 'Anos 1952', 'Ilhas dos Cocos', 'Dadaista','Esculturas', 'Esculturas feita sob demanda', 'Sr. Gabriel Costela', 39981.21);
INSERT INTO Esculturas VALUES (342, 'Metal', 6.68, 1111.18);
INSERT INTO Objetosarte VALUES (471, 'Voluptates aut.', 'Accusantium commodi porro asperiores excepturi et veniam perspiciatis laboriosam dolore natus voluptatum debitis.','1995', 'Anos 1812', 'Iraque', 'Indianista','Esculturas', 'Esculturas feita sob demanda', 'Pietro Pereira', 59941.47);
INSERT INTO Esculturas VALUES (471, 'Metal', 6.82, 1375.36);
INSERT INTO Objetosarte VALUES (713, 'Quaerat aut.', 'Inventore aliquam iusto est quibusdam minus incidunt.','1998', 'Anos 1860', 'Tokelau', 'Modernista','Esculturas', 'Esculturas fabricada', 'Davi Luiz Farias', 12534.65);
INSERT INTO Esculturas VALUES (713, 'Vidro', 7.04, 542.52);
INSERT INTO Objetosarte VALUES (175, 'Odit aspernatur.', 'Dicta voluptatem asperiores culpa harum architecto provident.','1977', 'Anos 1880', 'Dhekelia', 'Impressionista','Esculturas', 'Esculturas feita sob demanda', 'Ana Beatriz Nogueira', 59887.47);
INSERT INTO Esculturas VALUES (175, 'Níquel', 15.43, 2697.26);
INSERT INTO Objetosarte VALUES (304, 'Consequuntur.', 'Omnis tenetur modi soluta hic voluptates libero voluptatibus.','1990', 'Anos 2006', 'Chile', 'Barroco','Esculturas', 'Esculturas em miniatura', 'Ana Lívia Rezende', 86946.78);
INSERT INTO Esculturas VALUES (304, 'Ouro', 12.96, 2608.45);
INSERT INTO Objetosarte VALUES (560, 'Labore.', 'Fugiat ipsa sed quibusdam perspiciatis cum aliquam architecto itaque architecto qui.','1988', 'Anos 1927', 'Mayotte', 'Clássico','Esculturas', 'Esculturas feita sob demanda', 'Dr. Lucca Ramos', 15386.75);
INSERT INTO Esculturas VALUES (560, 'Níquel', 13.68, 1770.18);
INSERT INTO Objetosarte VALUES (331, 'Voluptatum.', 'Similique exercitationem voluptas cupiditate possimus velit iusto molestiae ullam nobis mollitia enim.','2017', 'Anos 1848', 'Suíça', 'Surrealista','Esculturas', 'Esculturas em miniatura', 'Renan da Rosa', 86275.25);
INSERT INTO Esculturas VALUES (331, 'Papel', 9.55, 2467.03);
INSERT INTO Objetosarte VALUES (504, 'Ratione a.', 'Facere ea dolore dolore laboriosam quo deserunt eius omnis voluptate assumenda quis.','1980', 'Anos 1831', 'São Pedro e Miquelon', 'Barroco','Esculturas', 'Esculturas fabricada', 'Sr. Pietro Jesus', 77581.24);
INSERT INTO Esculturas VALUES (504, 'Papel', 8.75, 751.32);
INSERT INTO Objetosarte VALUES (441, 'Praesentium doloribus.', 'Exercitationem incidunt laudantium similique impedit inventore.','2011', 'Anos 1814', 'Samoa Americana', 'Gótico','Esculturas', 'Esculturas em miniatura', 'Sr. Gabriel Costela', 15662.74);
INSERT INTO Esculturas VALUES (441, 'Carbono', 3.91, 2618.71);
INSERT INTO Objetosarte VALUES (253, 'Voluptatum amet.', 'Sequi omnis eligendi labore ad laudantium delectus id autem dolore eius.','1987', 'Anos 1972', 'Portugal', 'Gótico','Esculturas', 'Esculturas em miniatura', 'Maria Julia Vieira', 62946.48);
INSERT INTO Esculturas VALUES (253, 'Ouro', 16.46, 2248.63);
INSERT INTO Objetosarte VALUES (515, 'Iure.', 'Quae itaque accusamus voluptas magnam libero neque voluptate pariatur incidunt deleniti aperiam.','1986', 'Anos 1960', 'Maurícia', 'Barroco','Esculturas', 'Esculturas feita sob demanda', 'Dra. Isadora Campos', 64066.58);
INSERT INTO Esculturas VALUES (515, 'Ouro', 2.15, 2923.0);
INSERT INTO Objetosarte VALUES (497, 'Laborum voluptates.', 'Nihil exercitationem aliquid ab molestiae adipisci cumque aliquid culpa repellat.','1999', 'Anos 1881', 'Hungria', 'Clássico','Esculturas', 'Esculturas em miniatura', 'Gabriel da Paz', 35180.55);
INSERT INTO Esculturas VALUES (497, 'Metal', 10.81, 1088.71);
-- OUTROS ----------------------------------------------------------------------------------------------------
INSERT INTO Objetosarte VALUES (717, 'Asperiores veniam.', 'Deserunt ipsam totam debitis quas similique ullam nostrum provident recusandae in nihil quia.','1991', 'Anos 1974', 'Iran', 'Modernista','Outros', 'Objeto de arte feito sob demanda', 'Dra. Isadora Campos', 96918.64);
INSERT INTO Outros VALUES(717, 'Tipo Tipo Quod.');
INSERT INTO Objetosarte VALUES (649, 'A.', 'Eveniet quos at delectus reprehenderit error.','1992', 'Anos 1879', 'Faroé', 'Cubista','Outros', 'Objeto de arte fabricado', 'Ana Sophia Pinto', 64993.40);
INSERT INTO Outros VALUES(649, 'Tipo Tipo Voluptates.');
INSERT INTO Objetosarte VALUES (762, 'Dolor.', 'Inventore illo non commodi facilis eum sint perferendis.','1991', 'Anos 1829', 'Quiribáti', 'Clássico','Outros', 'Objeto de arte fabricado', 'Dr. Lucca Ramos', 50528.23);
INSERT INTO Outros VALUES(762, 'Tipo Tipo Eaque.');
INSERT INTO Objetosarte VALUES (245, 'Ea alias.', 'Corrupti unde cumque unde debitis repellat harum dignissimos porro est.','1987', 'Anos 1883', 'Países Baixos', 'Dadaista','Outros', 'Objeto de arte feito sob demanda', 'Lucas Souza', 43060.60);
INSERT INTO Outros VALUES(245, 'Tipo Tipo Nam.');
INSERT INTO Objetosarte VALUES (164, 'Recusandae.', 'Nostrum est facilis ad quaerat cumque beatae amet.','2021', 'Anos 1857', 'Paracel Islands', 'Barroco','Outros', 'Objeto de arte feito sob demanda', 'Maria Alice Silva', 20733.59);
INSERT INTO Outros VALUES(164, 'Tipo Tipo Ullam.');
INSERT INTO Objetosarte VALUES (882, 'Impedit suscipit.', 'Eum tempore corporis eaque molestiae blanditiis quibusdam eveniet doloremque hic sed repellat.','1994', 'Anos 1872', 'Bósnia e Herzegovina', 'Cubista','Outros', 'Objeto de arte feito sob demanda', 'Maria Cecília Novaes', 11743.24);
INSERT INTO Outros VALUES(882, 'Tipo Tipo Quisquam nam.');
INSERT INTO Objetosarte VALUES (797, 'Voluptas.', 'Debitis repudiandae sed est inventore architecto eaque fugit iure placeat fuga quasi.','1981', 'Anos 2010', 'Dhekelia', 'Indianista','Outros', 'Objeto de arte fabricado', 'Renan da Rosa', 26025.76);
INSERT INTO Outros VALUES(797, 'Tipo Tipo Animi.');
INSERT INTO Objetosarte VALUES (335, 'Debitis tempora.', 'Assumenda quisquam odio reprehenderit saepe cumque.','2001', 'Anos 1856', 'China', 'Cubista','Outros', 'Objeto de arte fabricado', 'Pietro Pereira', 9845.53);
INSERT INTO Outros VALUES(335, 'Tipo Tipo Quod.');
INSERT INTO Objetosarte VALUES (604, 'Numquam.', 'Aut nesciunt architecto eum incidunt alias.','1996', 'Anos 1852', 'São Pedro e Miquelon', 'Dadaista','Outros', 'Objeto de arte feito sob demanda', 'Srta. Mariana Melo', 39018.59);
INSERT INTO Outros VALUES(604, 'Tipo Tipo Vitae nemo.');
INSERT INTO Objetosarte VALUES (16, 'In maxime.', 'Earum fuga ullam rem quasi veniam corporis laborum totam ullam iure minus reiciendis.','1986', 'Anos 1931', 'Alemanha', 'Modernista','Outros', 'Objeto de arte fabricado', 'Davi Luiz Farias', 95836.56);
INSERT INTO Outros VALUES(16, 'Tipo Tipo Qui.');
INSERT INTO Objetosarte VALUES (212, 'Quam.', 'Non nostrum molestiae necessitatibus natus magni iure odit eveniet recusandae.','2006', 'Anos 2003', 'Áustria', 'Grafitti','Outros', 'Objeto de arte feito sob demanda', 'Otávio Mendes', 67431.19);
INSERT INTO Outros VALUES(212, 'Tipo Tipo Possimus.');
INSERT INTO Objetosarte VALUES (154, 'Ullam tenetur.', 'Et a perspiciatis doloremque excepturi saepe voluptatem voluptatibus.','1990', 'Anos 1870', 'Man, Isle of', 'Dadaista','Outros', 'Objeto de arte fabricado', 'Lucas Souza', 1226.22);
INSERT INTO Outros VALUES(154, 'Tipo Tipo Facere dolorem.');
INSERT INTO Objetosarte VALUES (138, 'Tempora qui.', 'Minus dolores modi natus quidem voluptas accusamus eum.','1979', 'Anos 1904', 'Letônia', 'Barroco','Outros', 'Objeto de arte fabricado', 'Gabriel da Paz', 10439.00);
INSERT INTO Outros VALUES(138, 'Tipo Tipo Illum rem.');
INSERT INTO Objetosarte VALUES (990, 'Quis.', 'Est officiis optio nihil laboriosam ipsa voluptates magnam consectetur ipsam.','1995', 'Anos 1883', 'França', 'Indianista','Outros', 'Objeto de arte feito sob demanda', 'Kamilly Ferreira', 60392.60);
INSERT INTO Outros VALUES(990, 'Tipo Tipo Ullam similique.');
INSERT INTO Objetosarte VALUES (952, 'Ex sint.', 'Sequi explicabo eligendi aspernatur tempore rerum inventore illo repellendus accusantium impedit.','1979', 'Anos 1944', 'Guiné', 'Realista','Outros', 'Objeto de arte feito sob demanda', 'Natália Ramos', 24674.35);
INSERT INTO Outros VALUES(952, 'Tipo Tipo Optio.');
INSERT INTO Objetosarte VALUES (608, 'Hic.', 'Ratione accusamus dolorum accusantium culpa vero est veniam non ratione provident culpa repellat.','1986', 'Anos 1826', 'Honduras', 'Dadaista','Outros', 'Objeto de arte feito sob demanda', 'Ana Sophia Pinto', 50773.38);
INSERT INTO Outros VALUES(608, 'Tipo Tipo Reiciendis.');
INSERT INTO Objetosarte VALUES (567, 'Repudiandae.', 'Dolorem praesentium nulla labore facilis veritatis.','1985', 'Anos 1807', 'China', 'Surrealista','Outros', 'Objeto de arte feito sob demanda', 'Enrico Moreira', 38779.70);
INSERT INTO Outros VALUES(567, 'Tipo Tipo Iste nostrum.');
INSERT INTO Objetosarte VALUES (479, 'Illum.', 'Itaque eaque quaerat exercitationem quod veniam quam veritatis.','1998', 'Anos 1929', 'Finlândia', 'Dadaista','Outros', 'Objeto de arte fabricado', 'Manuela Gomes', 6860.99);
INSERT INTO Outros VALUES(479, 'Tipo Tipo Minus.');
INSERT INTO Objetosarte VALUES (883, 'Nobis enim.', 'Magnam numquam sint et sint impedit molestiae facere incidunt fuga.','2019', 'Anos 1917', 'Itália', 'Dadaista','Outros', 'Objeto de arte feito sob demanda', 'Dr. Lucca Ramos', 3819.85);
INSERT INTO Outros VALUES(883, 'Tipo Tipo Id aut.');
INSERT INTO Objetosarte VALUES (3, 'Nemo.', 'Facilis aliquam omnis libero cum distinctio quos autem sit corrupti praesentium tempore.','2020', 'Anos 1953', 'Tailândia', 'Surrealista','Outros', 'Objeto de arte fabricado', 'Luiz Fernando Aragão', 58116.11);
INSERT INTO Outros VALUES(3, 'Tipo Tipo Quasi.');
INSERT INTO Objetosarte VALUES (493, 'Maiores molestiae.', 'Rerum voluptatum eum deleniti iste ipsam ipsum quaerat minima.','1992', 'Anos 1997', 'Faroé', 'Surrealista','Outros', 'Objeto de arte feito sob demanda', 'Luiz Miguel Correia', 67710.23);
INSERT INTO Outros VALUES(493, 'Tipo Tipo Accusantium.');
INSERT INTO Objetosarte VALUES (407, 'Repellat.', 'Est voluptatum similique fugit a placeat cupiditate id voluptas.','1977', 'Anos 1838', 'Geórgia', 'Barroco','Outros', 'Objeto de arte fabricado', 'Pietro Pereira', 65547.52);
INSERT INTO Outros VALUES(407, 'Tipo Tipo Omnis numquam.');
INSERT INTO Objetosarte VALUES (2, 'Aliquam.', 'Quis ratione repellat incidunt necessitatibus voluptatibus perspiciatis aperiam.','2014', 'Anos 1918', 'Camboja', 'Impressionista','Outros', 'Objeto de arte feito sob demanda', 'Luiz Miguel Correia', 66548.85);
INSERT INTO Outros VALUES(2, 'Tipo Tipo Neque repudiandae.');
INSERT INTO Objetosarte VALUES (627, 'Nisi.', 'Voluptatem itaque exercitationem quod minus facilis sapiente.','2009', 'Anos 1982', 'Espanha', 'Modernista','Outros', 'Objeto de arte fabricado', 'Maria Alice Silva', 74023.29);
INSERT INTO Outros VALUES(627, 'Tipo Tipo Aperiam.');
INSERT INTO Objetosarte VALUES (397, 'Enim recusandae.', 'Quibusdam esse rerum eos delectus quod reiciendis quia expedita eligendi qui voluptas.','1989', 'Anos 1863', 'Antígua e Barbuda', 'Modernista','Outros', 'Objeto de arte fabricado', 'Sra. Julia Pereira', 50225.64);
INSERT INTO Outros VALUES(397, 'Tipo Tipo Laborum earum.');
INSERT INTO Objetosarte VALUES (187, 'Ratione.', 'Ipsam enim rem ducimus incidunt corrupti placeat.','1971', 'Anos 1997', 'Itália', 'Surrealista','Outros', 'Objeto de arte feito sob demanda', 'Yasmin Barros', 59468.36);
INSERT INTO Outros VALUES(187, 'Tipo Tipo Eum quas.');
INSERT INTO Objetosarte VALUES (168, 'Ullam nulla.', 'Molestias provident aut possimus dolore aspernatur assumenda tempora exercitationem.','1973', 'Anos 1907', 'Seicheles', 'Grafitti','Outros', 'Objeto de arte feito sob demanda', 'Ian Moreira', 77347.04);
INSERT INTO Outros VALUES(168, 'Tipo Tipo Rerum.');
INSERT INTO Objetosarte VALUES (785, 'Voluptates.', 'Laborum placeat amet facere natus vitae ab ea quasi maxime commodi.','2021', 'Anos 1996', 'Estônia', 'Modernista','Outros', 'Objeto de arte feito sob demanda', 'Maria Julia Vieira', 58217.53);
INSERT INTO Outros VALUES(785, 'Tipo Tipo Porro.');
INSERT INTO Objetosarte VALUES (56, 'Cumque voluptatem.', 'Temporibus impedit ut velit perspiciatis ipsa sequi veritatis et voluptate asperiores.','1978', 'Anos 1833', 'Cabo Verde', 'Grafitti','Outros', 'Objeto de arte feito sob demanda', 'Luiz Miguel Correia', 15497.86);
INSERT INTO Outros VALUES(56, 'Tipo Tipo Facilis aliquid.');
INSERT INTO Objetosarte VALUES (327, 'Velit provident.', 'Consectetur vero quas minus facere error et aut nostrum atque sit beatae commodi.','2021', 'Anos 1848', 'Wallis e Futuna', 'Cubista','Outros', 'Objeto de arte fabricado', 'Ana Beatriz Nogueira', 80557.35);
INSERT INTO Outros VALUES(327, 'Tipo Tipo Aspernatur maiores.');
INSERT INTO Objetosarte VALUES (513, 'Nesciunt ex.', 'Optio voluptatem eos quibusdam et nihil excepturi.','2008', 'Anos 1968', 'Bermudas', 'Barroco','Outros', 'Objeto de arte feito sob demanda', 'Renan da Rosa', 28088.24);
INSERT INTO Outros VALUES(513, 'Tipo Tipo Explicabo aspernatur.');
INSERT INTO Objetosarte VALUES (100, 'Officia maxime.', 'Velit in consequuntur perspiciatis repellendus velit quas error.','2004', 'Anos 1831', 'São Pedro e Miquelon', 'Realista','Outros', 'Objeto de arte fabricado', 'Otávio Mendes', 28697.67);
INSERT INTO Outros VALUES(100, 'Tipo Tipo Iure.');
INSERT INTO Objetosarte VALUES (354, 'Officia praesentium.', 'Placeat doloremque odit pariatur esse veniam impedit iure aspernatur ratione repellendus deleniti doloribus.','2014', 'Anos 1871', 'Quirguizistão', 'Grafitti','Outros', 'Objeto de arte fabricado', 'Maria Cecília Novaes', 71734.16);
INSERT INTO Outros VALUES(354, 'Tipo Tipo Corporis.');
INSERT INTO Objetosarte VALUES (218, 'Quas.', 'Libero ab nesciunt alias esse aliquam eveniet sequi cumque provident.','1984', 'Anos 1840', 'Uganda', 'Barroco','Outros', 'Objeto de arte feito sob demanda', 'Ana Sophia Pinto', 23273.41);
INSERT INTO Outros VALUES(218, 'Tipo Tipo Officia.');
INSERT INTO Objetosarte VALUES (309, 'Corrupti ad.', 'Quo vero dolorem sequi eveniet numquam officiis iusto iusto.','2008', 'Anos 1804', 'Croácia', 'Impressionista','Outros', 'Objeto de arte fabricado', 'Pietro Pereira', 89568.37);
INSERT INTO Outros VALUES(309, 'Tipo Tipo Cumque.');
INSERT INTO Objetosarte VALUES (510, 'Expedita.', 'Eaque culpa expedita nemo repudiandae laborum dolores ipsa.','1973', 'Anos 1827', 'Aruba', 'Indianista','Outros', 'Objeto de arte fabricado', 'Ana Sophia Pinto', 63297.80);
INSERT INTO Outros VALUES(510, 'Tipo Tipo Occaecati.');
INSERT INTO Objetosarte VALUES (274, 'Sapiente.', 'Deleniti perspiciatis sed quo iure id molestias.','2018', 'Anos 1912', 'Ilhas Turcas e Caicos', 'Indianista','Outros', 'Objeto de arte feito sob demanda', 'Dra. Clarice Mendes', 68366.30);
INSERT INTO Outros VALUES(274, 'Tipo Tipo Recusandae explicabo.');
INSERT INTO Objetosarte VALUES (299, 'Cum.', 'Beatae assumenda corrupti earum aut fugit illo voluptas maiores sed.','1998', 'Anos 1898', 'Palau', 'Barroco','Outros', 'Objeto de arte feito sob demanda', 'Kamilly Ferreira', 66488.18);
INSERT INTO Outros VALUES(299, 'Tipo Tipo Odit molestiae.');
INSERT INTO Objetosarte VALUES (988, 'Voluptate.', 'Ipsam culpa laudantium non dolorem delectus aliquid officiis similique iusto aut cumque odio.','1979', 'Anos 2001', 'São Tomé e Príncipe', 'Barroco','Outros', 'Objeto de arte fabricado', 'Otávio Mendes', 6416.48);
INSERT INTO Outros VALUES(988, 'Tipo Tipo Consequatur.');
INSERT INTO Objetosarte VALUES (752, 'Autem.', 'Optio commodi iste cupiditate possimus consectetur.','1975', 'Anos 1867', 'Luxemburgo', 'Cubista','Outros', 'Objeto de arte fabricado', 'Dr. Lucca Ramos', 54829.84);
INSERT INTO Outros VALUES(752, 'Tipo Tipo Magni.');
INSERT INTO Objetosarte VALUES (789, 'Distinctio ut.', 'Amet nam facere quas ducimus animi.','2013', 'Anos 1997', 'Bahamas', 'Surrealista','Outros', 'Objeto de arte feito sob demanda', 'Lucas Souza', 51982.86);
INSERT INTO Outros VALUES(789, 'Tipo Tipo Sequi.');
INSERT INTO Objetosarte VALUES (88, 'Itaque.', 'Iure quas impedit quo sed illo earum.','2002', 'Anos 1840', 'China', 'Grafitti','Outros', 'Objeto de arte fabricado', 'Ian Moreira', 70963.00);
INSERT INTO Outros VALUES(88, 'Tipo Tipo Velit distinctio.');
INSERT INTO Objetosarte VALUES (418, 'Nam beatae.', 'Blanditiis dolor nobis possimus eius quas assumenda similique nihil corrupti ratione maiores.','2003', 'Anos 1808', 'Lesoto', 'Indianista','Outros', 'Objeto de arte feito sob demanda', 'Srta. Mariana Melo', 12017.62);
INSERT INTO Outros VALUES(418, 'Tipo Tipo Molestiae.');
INSERT INTO Objetosarte VALUES (644, 'Praesentium et.', 'Mollitia consequuntur repellendus quos ad labore at similique repellat expedita provident aperiam.','2004', 'Anos 1924', 'Benim', 'Impressionista','Outros', 'Objeto de arte fabricado', 'Dra. Clarice Mendes', 63505.82);
INSERT INTO Outros VALUES(644, 'Tipo Tipo Ea nemo.');
INSERT INTO Objetosarte VALUES (526, 'Amet.', 'Minima non magnam ipsa tempore cumque beatae nisi esse dolorem quidem praesentium.','2008', 'Anos 1812', 'Território Britânico do Oceano Índico', 'Grafitti','Outros', 'Objeto de arte fabricado', 'Dr. Pedro Lucas da Rosa', 6563.06);
INSERT INTO Outros VALUES(526, 'Tipo Tipo Reprehenderit dicta.');
INSERT INTO Objetosarte VALUES (741, 'Illum iste.', 'Sequi dolorum ipsa ad voluptas sapiente quas illo reiciendis dolores voluptatibus.','2004', 'Anos 1810', 'Croácia', 'Modernista','Outros', 'Objeto de arte feito sob demanda', 'Yasmin Barros', 77143.55);
INSERT INTO Outros VALUES(741, 'Tipo Tipo Dolores provident.');
INSERT INTO Objetosarte VALUES (540, 'Itaque officia.', 'Distinctio nihil odit consectetur explicabo vel.','1992', 'Anos 1822', 'Tonga', 'Gótico','Outros', 'Objeto de arte fabricado', 'Kamilly Ferreira', 38262.67);
INSERT INTO Outros VALUES(540, 'Tipo Tipo Voluptatum laudantium.');
INSERT INTO Objetosarte VALUES (136, 'Asperiores vel.', 'Nemo vel et amet numquam id a non eos facere accusantium facilis.','1993', 'Anos 1956', 'Tokelau', 'Gótico','Outros', 'Objeto de arte fabricado', 'Ian Moreira', 4551.26);
INSERT INTO Outros VALUES(136, 'Tipo Tipo Id ullam.');
INSERT INTO Objetosarte VALUES (242, 'Repellat.', 'Deserunt cumque nulla fugiat natus quidem voluptas officia cupiditate voluptatem dolorum sunt magnam.','2006', 'Anos 1981', 'Jordânia', 'Gótico','Outros', 'Objeto de arte feito sob demanda', 'Maria Alice Silva', 42219.99);
INSERT INTO Outros VALUES(242, 'Tipo Tipo Eos.');
INSERT INTO Objetosarte VALUES (962, 'Iusto nobis.', 'Facere maxime quidem at veritatis ipsum.','2022', 'Anos 1814', 'Moldávia', 'Modernista','Outros', 'Objeto de arte fabricado', 'Gabriel da Paz', 38262.67);
INSERT INTO Outros VALUES(962, 'Tipo Tipo Harum consectetur.');
-- EXPOSICOES ----------------------------------------------------------------------------------------------------
INSERT INTO Exposicoes VALUES ('1a. Exposição Julia Nascimento', '1998-08-08', '1998-09-05');
INSERT INTO Exposicoes VALUES ('2a. Exposição Alexia Silveira', '2015-06-06', '2015-07-05');
INSERT INTO Exposicoes VALUES ('3a. Exposição Luigi Cavalcanti', '2003-09-26', '2003-10-09');
INSERT INTO Exposicoes VALUES ('4a. Exposição Bernardo da Paz', '2015-12-22', '2016-01-07');
INSERT INTO Exposicoes VALUES ('5a. Exposição Kevin Alves', '1996-09-10', '1996-10-29');
INSERT INTO Exposicoes VALUES ('6a. Exposição Dr. Noah Gomes', '1986-02-06', '1986-03-17');
INSERT INTO Exposicoes VALUES ('7a. Exposição Rebeca Novaes', '1983-07-03', '1983-08-17');
INSERT INTO Exposicoes VALUES ('8a. Exposição Erick Alves', '2008-10-31', '2008-11-27');
INSERT INTO Exposicoes VALUES ('9a. Exposição Yasmin Pereira', '1989-08-08', '1989-09-22');
INSERT INTO Exposicoes VALUES ('10a. Exposição Dra. Gabriela Moreira', '2001-12-09', '2002-01-28');
INSERT INTO Exposicoes VALUES ('11a. Exposição Erick Alves', '2010-12-09', '2011-01-28');
-- ExpostoEm ----------------------------------------------------------------------------------------------------
INSERT INTO ExpostoEm VALUES (112, '2a. Exposição Alexia Silveira');
INSERT INTO ExpostoEm VALUES (904, '3a. Exposição Luigi Cavalcanti');
INSERT INTO ExpostoEm VALUES (860, '4a. Exposição Bernardo da Paz');
INSERT INTO ExpostoEm VALUES (915, '2a. Exposição Alexia Silveira');
INSERT INTO ExpostoEm VALUES (808, '6a. Exposição Dr. Noah Gomes');
INSERT INTO ExpostoEm VALUES (386, '5a. Exposição Kevin Alves');
INSERT INTO ExpostoEm VALUES (659, '3a. Exposição Luigi Cavalcanti');
INSERT INTO ExpostoEm VALUES (738, '5a. Exposição Kevin Alves');
INSERT INTO ExpostoEm VALUES (966, '2a. Exposição Alexia Silveira');
INSERT INTO ExpostoEm VALUES (576, '4a. Exposição Bernardo da Paz');
INSERT INTO ExpostoEm VALUES (76, '8a. Exposição Erick Alves');
INSERT INTO ExpostoEm VALUES (367, '5a. Exposição Kevin Alves');
INSERT INTO ExpostoEm VALUES (655, '1a. Exposição Julia Nascimento');
INSERT INTO ExpostoEm VALUES (251, '5a. Exposição Kevin Alves');
INSERT INTO ExpostoEm VALUES (410, '8a. Exposição Erick Alves');
INSERT INTO ExpostoEm VALUES (577, '9a. Exposição Yasmin Pereira');
INSERT INTO ExpostoEm VALUES (616, '9a. Exposição Yasmin Pereira');
INSERT INTO ExpostoEm VALUES (429, '6a. Exposição Dr. Noah Gomes');
INSERT INTO ExpostoEm VALUES (97, '9a. Exposição Yasmin Pereira');
INSERT INTO ExpostoEm VALUES (482, '6a. Exposição Dr. Noah Gomes');
INSERT INTO ExpostoEm VALUES (768, '5a. Exposição Kevin Alves');
INSERT INTO ExpostoEm VALUES (585, '3a. Exposição Luigi Cavalcanti');
INSERT INTO ExpostoEm VALUES (169, '9a. Exposição Yasmin Pereira');
INSERT INTO ExpostoEm VALUES (478, '5a. Exposição Kevin Alves');
INSERT INTO ExpostoEm VALUES (267, '7a. Exposição Rebeca Novaes');
INSERT INTO ExpostoEm VALUES (707, '3a. Exposição Luigi Cavalcanti');
INSERT INTO ExpostoEm VALUES (528, '9a. Exposição Yasmin Pereira');
INSERT INTO ExpostoEm VALUES (369, '4a. Exposição Bernardo da Paz');
INSERT INTO ExpostoEm VALUES (580, '8a. Exposição Erick Alves');
INSERT INTO ExpostoEm VALUES (217, '1a. Exposição Julia Nascimento');
INSERT INTO ExpostoEm VALUES (690, '6a. Exposição Dr. Noah Gomes');
INSERT INTO ExpostoEm VALUES (459, '6a. Exposição Dr. Noah Gomes');
INSERT INTO ExpostoEm VALUES (975, '6a. Exposição Dr. Noah Gomes');
INSERT INTO ExpostoEm VALUES (660, '8a. Exposição Erick Alves');
INSERT INTO ExpostoEm VALUES (11, '5a. Exposição Kevin Alves');
INSERT INTO ExpostoEm VALUES (959, '3a. Exposição Luigi Cavalcanti');
INSERT INTO ExpostoEm VALUES (264, '9a. Exposição Yasmin Pereira');
INSERT INTO ExpostoEm VALUES (83, '9a. Exposição Yasmin Pereira');
INSERT INTO ExpostoEm VALUES (133, '7a. Exposição Rebeca Novaes');
INSERT INTO ExpostoEm VALUES (979, '6a. Exposição Dr. Noah Gomes');
INSERT INTO ExpostoEm VALUES (448, '7a. Exposição Rebeca Novaes');
INSERT INTO ExpostoEm VALUES (733, '1a. Exposição Julia Nascimento');
INSERT INTO ExpostoEm VALUES (618, '1a. Exposição Julia Nascimento');
INSERT INTO ExpostoEm VALUES (784, '7a. Exposição Rebeca Novaes');
INSERT INTO ExpostoEm VALUES (872, '8a. Exposição Erick Alves');
INSERT INTO ExpostoEm VALUES (822, '3a. Exposição Luigi Cavalcanti');
INSERT INTO ExpostoEm VALUES (92, '3a. Exposição Luigi Cavalcanti');
INSERT INTO ExpostoEm VALUES (916, '6a. Exposição Dr. Noah Gomes');
INSERT INTO ExpostoEm VALUES (748, '9a. Exposição Yasmin Pereira');
INSERT INTO ExpostoEm VALUES (487, '3a. Exposição Luigi Cavalcanti');
INSERT INTO ExpostoEm VALUES (36, '3a. Exposição Luigi Cavalcanti');
INSERT INTO ExpostoEm VALUES (829, '6a. Exposição Dr. Noah Gomes');
INSERT INTO ExpostoEm VALUES (350, '6a. Exposição Dr. Noah Gomes');
INSERT INTO ExpostoEm VALUES (999, '3a. Exposição Luigi Cavalcanti');
INSERT INTO ExpostoEm VALUES (75, '3a. Exposição Luigi Cavalcanti');
INSERT INTO ExpostoEm VALUES (502, '2a. Exposição Alexia Silveira');
INSERT INTO ExpostoEm VALUES (492, '2a. Exposição Alexia Silveira');
INSERT INTO ExpostoEm VALUES (252, '1a. Exposição Julia Nascimento');
INSERT INTO ExpostoEm VALUES (884, '3a. Exposição Luigi Cavalcanti');
INSERT INTO ExpostoEm VALUES (622, '5a. Exposição Kevin Alves');
INSERT INTO ExpostoEm VALUES (238, '2a. Exposição Alexia Silveira');
INSERT INTO ExpostoEm VALUES (991, '9a. Exposição Yasmin Pereira');
INSERT INTO ExpostoEm VALUES (300, '7a. Exposição Rebeca Novaes');
INSERT INTO ExpostoEm VALUES (409, '5a. Exposição Kevin Alves');
INSERT INTO ExpostoEm VALUES (653, '8a. Exposição Erick Alves');
INSERT INTO ExpostoEm VALUES (90, '3a. Exposição Luigi Cavalcanti');
INSERT INTO ExpostoEm VALUES (423, '9a. Exposição Yasmin Pereira');
INSERT INTO ExpostoEm VALUES (821, '6a. Exposição Dr. Noah Gomes');
INSERT INTO ExpostoEm VALUES (60, '3a. Exposição Luigi Cavalcanti');
INSERT INTO ExpostoEm VALUES (361, '6a. Exposição Dr. Noah Gomes');
INSERT INTO ExpostoEm VALUES (145, '5a. Exposição Kevin Alves');
INSERT INTO ExpostoEm VALUES (445, '3a. Exposição Luigi Cavalcanti');
INSERT INTO ExpostoEm VALUES (362, '5a. Exposição Kevin Alves');
INSERT INTO ExpostoEm VALUES (667, '3a. Exposição Luigi Cavalcanti');
INSERT INTO ExpostoEm VALUES (764, '9a. Exposição Yasmin Pereira');
INSERT INTO ExpostoEm VALUES (390, '8a. Exposição Erick Alves');
INSERT INTO ExpostoEm VALUES (795, '8a. Exposição Erick Alves');
INSERT INTO ExpostoEm VALUES (137, '7a. Exposição Rebeca Novaes');
INSERT INTO ExpostoEm VALUES (843, '6a. Exposição Dr. Noah Gomes');
INSERT INTO ExpostoEm VALUES (612, '5a. Exposição Kevin Alves');
INSERT INTO ExpostoEm VALUES (850, '6a. Exposição Dr. Noah Gomes');
INSERT INTO ExpostoEm VALUES (480, '1a. Exposição Julia Nascimento');
INSERT INTO ExpostoEm VALUES (919, '9a. Exposição Yasmin Pereira');
INSERT INTO ExpostoEm VALUES (925, '2a. Exposição Alexia Silveira');
INSERT INTO ExpostoEm VALUES (287, '1a. Exposição Julia Nascimento');
INSERT INTO ExpostoEm VALUES (415, '1a. Exposição Julia Nascimento');
INSERT INTO ExpostoEm VALUES (753, '6a. Exposição Dr. Noah Gomes');
INSERT INTO ExpostoEm VALUES (241, '10a. Exposição Dra. Gabriela Moreira');
INSERT INTO ExpostoEm VALUES (342, '2a. Exposição Alexia Silveira');
INSERT INTO ExpostoEm VALUES (471, '10a. Exposição Dra. Gabriela Moreira');
INSERT INTO ExpostoEm VALUES (713, '2a. Exposição Alexia Silveira');
INSERT INTO ExpostoEm VALUES (175, '10a. Exposição Dra. Gabriela Moreira');
INSERT INTO ExpostoEm VALUES (304, '9a. Exposição Yasmin Pereira');
INSERT INTO ExpostoEm VALUES (560, '2a. Exposição Alexia Silveira');
INSERT INTO ExpostoEm VALUES (331, '2a. Exposição Alexia Silveira');
INSERT INTO ExpostoEm VALUES (504, '4a. Exposição Bernardo da Paz');
INSERT INTO ExpostoEm VALUES (441, '8a. Exposição Erick Alves');
INSERT INTO ExpostoEm VALUES (253, '6a. Exposição Dr. Noah Gomes');
INSERT INTO ExpostoEm VALUES (515, '9a. Exposição Yasmin Pereira');
INSERT INTO ExpostoEm VALUES (497, '9a. Exposição Yasmin Pereira');
INSERT INTO ExpostoEm VALUES (717, '1a. Exposição Julia Nascimento');
INSERT INTO ExpostoEm VALUES (649, '3a. Exposição Luigi Cavalcanti');
INSERT INTO ExpostoEm VALUES (762, '5a. Exposição Kevin Alves');
INSERT INTO ExpostoEm VALUES (245, '1a. Exposição Julia Nascimento');
INSERT INTO ExpostoEm VALUES (164, '1a. Exposição Julia Nascimento');
INSERT INTO ExpostoEm VALUES (882, '10a. Exposição Dra. Gabriela Moreira');
INSERT INTO ExpostoEm VALUES (797, '2a. Exposição Alexia Silveira');
INSERT INTO ExpostoEm VALUES (335, '10a. Exposição Dra. Gabriela Moreira');
INSERT INTO ExpostoEm VALUES (604, '9a. Exposição Yasmin Pereira');
INSERT INTO ExpostoEm VALUES (16, '1a. Exposição Julia Nascimento');
INSERT INTO ExpostoEm VALUES (212, '9a. Exposição Yasmin Pereira');
INSERT INTO ExpostoEm VALUES (154, '1a. Exposição Julia Nascimento');
INSERT INTO ExpostoEm VALUES (138, '7a. Exposição Rebeca Novaes');
INSERT INTO ExpostoEm VALUES (990, '10a. Exposição Dra. Gabriela Moreira');
INSERT INTO ExpostoEm VALUES (952, '5a. Exposição Kevin Alves');
INSERT INTO ExpostoEm VALUES (608, '5a. Exposição Kevin Alves');
INSERT INTO ExpostoEm VALUES (567, '9a. Exposição Yasmin Pereira');
INSERT INTO ExpostoEm VALUES (479, '10a. Exposição Dra. Gabriela Moreira');
INSERT INTO ExpostoEm VALUES (883, '3a. Exposição Luigi Cavalcanti');
INSERT INTO ExpostoEm VALUES (3, '5a. Exposição Kevin Alves');
INSERT INTO ExpostoEm VALUES (493, '8a. Exposição Erick Alves');
INSERT INTO ExpostoEm VALUES (407, '5a. Exposição Kevin Alves');
INSERT INTO ExpostoEm VALUES (2, '9a. Exposição Yasmin Pereira');
INSERT INTO ExpostoEm VALUES (627, '6a. Exposição Dr. Noah Gomes');
INSERT INTO ExpostoEm VALUES (397, '8a. Exposição Erick Alves');
INSERT INTO ExpostoEm VALUES (187, '1a. Exposição Julia Nascimento');
INSERT INTO ExpostoEm VALUES (168, '9a. Exposição Yasmin Pereira');
INSERT INTO ExpostoEm VALUES (785, '8a. Exposição Erick Alves');
INSERT INTO ExpostoEm VALUES (56, '7a. Exposição Rebeca Novaes');
INSERT INTO ExpostoEm VALUES (327, '8a. Exposição Erick Alves');
INSERT INTO ExpostoEm VALUES (513, '10a. Exposição Dra. Gabriela Moreira');
INSERT INTO ExpostoEm VALUES (100, '8a. Exposição Erick Alves');
INSERT INTO ExpostoEm VALUES (354, '9a. Exposição Yasmin Pereira');
INSERT INTO ExpostoEm VALUES (218, '2a. Exposição Alexia Silveira');
INSERT INTO ExpostoEm VALUES (309, '10a. Exposição Dra. Gabriela Moreira');
INSERT INTO ExpostoEm VALUES (510, '2a. Exposição Alexia Silveira');
INSERT INTO ExpostoEm VALUES (274, '10a. Exposição Dra. Gabriela Moreira');
INSERT INTO ExpostoEm VALUES (299, '1a. Exposição Julia Nascimento');
INSERT INTO ExpostoEm VALUES (988, '9a. Exposição Yasmin Pereira');
INSERT INTO ExpostoEm VALUES (752, '2a. Exposição Alexia Silveira');
INSERT INTO ExpostoEm VALUES (789, '3a. Exposição Luigi Cavalcanti');
INSERT INTO ExpostoEm VALUES (88, '2a. Exposição Alexia Silveira');
INSERT INTO ExpostoEm VALUES (418, '7a. Exposição Rebeca Novaes');
INSERT INTO ExpostoEm VALUES (644, '9a. Exposição Yasmin Pereira');
INSERT INTO ExpostoEm VALUES (526, '10a. Exposição Dra. Gabriela Moreira');
INSERT INTO ExpostoEm VALUES (741, '4a. Exposição Bernardo da Paz');
INSERT INTO ExpostoEm VALUES (540, '4a. Exposição Bernardo da Paz');
INSERT INTO ExpostoEm VALUES (136, '4a. Exposição Bernardo da Paz');
INSERT INTO ExpostoEm VALUES (242, '5a. Exposição Kevin Alves');
INSERT INTO ExpostoEm VALUES (962, '5a. Exposição Kevin Alves');
INSERT INTO ExpostoEm VALUES (884, '11a. Exposição Erick Alves');
-- COLECOES ----------------------------------------------------------------------------------------------------
INSERT INTO Colecao VALUES ('Coleção Erick Cavalcanti', 'Mollitia autem mollitia aliquam.', 'Aeroporto Alícia da MataSatelite40280-710 Porto / PE', '0800 905 6894', 'da-rosanina@example.net', 'Coleção Limitada');
INSERT INTO Colecao VALUES ('Coleção Yago da Paz', 'Eligendi sapiente culpa delectus.', 'Conjunto Lucas Gabriel da RochaErnesto Nascimento31704-159 Martins de da Rosa / PA', '(081) 5673 9321', 'vitoriaalves@example.com', 'Coleção temporária');
INSERT INTO Colecao VALUES ('Coleção Bianca Nogueira', 'Ullam velit quam.', 'Alameda de Sales, 23Barreiro14609-666 Alves / RN', '+55 (031) 7353-3801', 'luanadias@example.net', 'Coleção exclusiva');
INSERT INTO Colecao VALUES ('Coleção Sra. Natália da Rocha', 'Tempora impedit ex.', 'Trevo de Gomes, 198Maria Goretti67406-690 da Mata dos Dourados / MT', '(041) 8649 6823', 'cpinto@example.net', 'Coleção Limitada');
INSERT INTO Colecao VALUES ('Coleção Beatriz Porto', 'Nobis aut tenetur debitis.', 'Vereda de Mendes, 86Vila Nova Cachoeirinha 2ª Seção67233-846 da Paz de Nogueira / PI', '+55 71 1852 2630', 'portomirella@example.net', 'Coleção permanente');
INSERT INTO Colecao VALUES ('Coleção Ryan Rocha', 'Aliquam maiores ea unde.', 'Colônia de Oliveira, 30Maria Virgínia04732-664 Cardoso dos Dourados / AM', '(041) 0189-6759', 'qmoraes@example.com', 'Coleção temporária');
INSERT INTO Colecao VALUES ('Coleção Vitor Hugo Barros', 'Architecto repudiandae veniam modi deleniti.', 'Recanto Rodrigues, 206Silveira56944-651 Caldeira do Sul / PR', '(051) 5261-3856', 'evelynrodrigues@example.org', 'Coleção temporária');
INSERT INTO Colecao VALUES ('Coleção Enzo Gabriel Campos', 'Nostrum voluptatibus minus.', 'Jardim Souza, 385Santa Sofia05164-912 da Cruz / PE', '31 1251-7680', 'mendesthales@example.net', 'Coleção Limitada');
INSERT INTO Colecao VALUES ('Coleção Lucca Cardoso', 'Optio explicabo.', 'Rodovia Maria Eduarda Teixeira, 6Vila Califórnia51224-072 Aragão / PA', '+55 21 0331 9000', 'rochavitor-hugo@example.org', 'Coleção temporária');
INSERT INTO Colecao VALUES ('Coleção Ana Beatriz Gomes', 'Maiores quasi eaque nobis.', 'Lago das Neves, 83São Jorge 1ª Seção65158202 Gomes / RJ', '+55 61 1027-7859', 'gcardoso@example.com', 'Coleção exclusiva');
-- PERMANENTES ----------------------------------------------------------------------------------------------------
INSERT INTO Permanentes VALUES (962, '2013-07-04', True);
INSERT INTO Permanentes VALUES (242, '2011-04-24', False);
INSERT INTO Permanentes VALUES (136, '2014-04-02', False);
INSERT INTO Permanentes VALUES (540, '1987-11-04', True);
INSERT INTO Permanentes VALUES (741, '2005-07-22', False);
INSERT INTO Permanentes VALUES (526, '2000-07-12', True);
INSERT INTO Permanentes VALUES (644, '1989-08-12', True);
INSERT INTO Permanentes VALUES (418, '2005-03-07', False);
INSERT INTO Permanentes VALUES (88, '2018-07-28', False);
INSERT INTO Permanentes VALUES (789, '2005-06-30', True);
INSERT INTO Permanentes VALUES (752, '1989-03-15', True);
INSERT INTO Permanentes VALUES (988, '2019-10-27', False);
INSERT INTO Permanentes VALUES (299, '2010-06-30', False);
INSERT INTO Permanentes VALUES (274, '1980-06-17', False);
INSERT INTO Permanentes VALUES (510, '2013-07-07', True);
INSERT INTO Permanentes VALUES (309, '1997-10-07', False);
INSERT INTO Permanentes VALUES (218, '1980-07-19', True);
INSERT INTO Permanentes VALUES (354, '2016-01-03', True);
INSERT INTO Permanentes VALUES (100, '1988-09-10', False);
INSERT INTO Permanentes VALUES (513, '2009-10-29', False);
INSERT INTO Permanentes VALUES (327, '1972-12-23', False);
INSERT INTO Permanentes VALUES (56, '2012-11-27', False);
INSERT INTO Permanentes VALUES (785, '2001-05-17', True);
INSERT INTO Permanentes VALUES (168, '1977-01-31', True);
INSERT INTO Permanentes VALUES (187, '1970-07-24', True);
INSERT INTO Permanentes VALUES (397, '1980-12-30', True);
INSERT INTO Permanentes VALUES (627, '2003-06-04', True);
INSERT INTO Permanentes VALUES (2, '1977-04-28', False);
INSERT INTO Permanentes VALUES (407, '1998-07-15', True);
INSERT INTO Permanentes VALUES (493, '2016-10-04', False);
INSERT INTO Permanentes VALUES (3, '1971-02-03', True);
INSERT INTO Permanentes VALUES (883, '1994-03-18', False);
INSERT INTO Permanentes VALUES (479, '2020-09-26', False);
INSERT INTO Permanentes VALUES (567, '1995-12-14', False);
INSERT INTO Permanentes VALUES (608, '1980-01-02', True);
INSERT INTO Permanentes VALUES (952, '2005-07-28', False);
INSERT INTO Permanentes VALUES (990, '2003-06-07', False);
INSERT INTO Permanentes VALUES (138, '2008-02-25', False);
INSERT INTO Permanentes VALUES (154, '1995-02-11', True);
INSERT INTO Permanentes VALUES (212, '1974-06-20', False);
INSERT INTO Permanentes VALUES (16, '2022-01-19', False);
INSERT INTO Permanentes VALUES (604, '2012-12-27', False);
INSERT INTO Permanentes VALUES (335, '1983-02-21', False);
INSERT INTO Permanentes VALUES (797, '2019-12-04', True);
INSERT INTO Permanentes VALUES (882, '1992-11-09', False);
INSERT INTO Permanentes VALUES (164, '1997-05-05', False);
INSERT INTO Permanentes VALUES (245, '2004-08-05', False);
INSERT INTO Permanentes VALUES (762, '1978-07-17', True);
INSERT INTO Permanentes VALUES (649, '2018-04-04', False);
INSERT INTO Permanentes VALUES (717, '2022-03-24', False);
INSERT INTO Permanentes VALUES (497, '2010-12-04', False);
INSERT INTO Permanentes VALUES (515, '2020-06-12', True);
INSERT INTO Permanentes VALUES (253, '2021-02-13', False);
INSERT INTO Permanentes VALUES (441, '2004-09-13', False);
INSERT INTO Permanentes VALUES (504, '2020-05-02', False);
INSERT INTO Permanentes VALUES (331, '1985-09-25', True);
INSERT INTO Permanentes VALUES (560, '1982-11-29', True);
INSERT INTO Permanentes VALUES (304, '1991-01-29', False);
INSERT INTO Permanentes VALUES (175, '2018-11-25', True);
INSERT INTO Permanentes VALUES (713, '1982-05-15', True);
INSERT INTO Permanentes VALUES (471, '2014-09-17', True);
INSERT INTO Permanentes VALUES (342, '1983-05-18', True);
INSERT INTO Permanentes VALUES (241, '1996-01-26', False);
INSERT INTO Permanentes VALUES (753, '1984-07-31', True);
INSERT INTO Permanentes VALUES (415, '1984-02-11', True);
INSERT INTO Permanentes VALUES (287, '2016-11-24', False);
INSERT INTO Permanentes VALUES (925, '2001-05-02', True);
INSERT INTO Permanentes VALUES (919, '1985-08-31', False);
INSERT INTO Permanentes VALUES (480, '1989-11-24', False);
INSERT INTO Permanentes VALUES (850, '1981-02-16', True);
INSERT INTO Permanentes VALUES (612, '2006-02-17', False);
INSERT INTO Permanentes VALUES (843, '2011-06-18', False);
INSERT INTO Permanentes VALUES (137, '1992-07-11', False);
INSERT INTO Permanentes VALUES (795, '1972-11-17', False);
INSERT INTO Permanentes VALUES (390, '1972-11-25', False);
-- EMPRESTADOS ----------------------------------------------------------------------------------------------------
INSERT INTO Emprestados VALUES (112, '1989-02-25', '1989-01-22', 'Coleção Sra. Natália da Rocha');
INSERT INTO Emprestados VALUES (904, '2020-01-22', '2019-12-15', 'Coleção Sra. Natália da Rocha');
INSERT INTO Emprestados VALUES (860, '1971-03-16', '1971-02-18', 'Coleção Sra. Natália da Rocha');
INSERT INTO Emprestados VALUES (915, '2020-03-02', '2020-02-09', 'Coleção Enzo Gabriel Campos');
INSERT INTO Emprestados VALUES (808, '2012-07-30', '2012-06-21', 'Coleção Sra. Natália da Rocha');
INSERT INTO Emprestados VALUES (386, '2014-09-10', '2014-08-25', 'Coleção Ryan Rocha');
INSERT INTO Emprestados VALUES (659, '1984-10-20', '1984-09-18', 'Coleção Vitor Hugo Barros');
INSERT INTO Emprestados VALUES (738, '1994-11-13', '1994-10-14', 'Coleção Bianca Nogueira');
INSERT INTO Emprestados VALUES (966, '2008-09-16', '2008-08-22', 'Coleção Yago da Paz');
INSERT INTO Emprestados VALUES (576, '1990-10-13', '1990-09-25', 'Coleção Ryan Rocha');
INSERT INTO Emprestados VALUES (76, '2015-06-04', '2015-05-06', 'Coleção Lucca Cardoso');
INSERT INTO Emprestados VALUES (367, '1972-07-10', '1972-06-22', 'Coleção Erick Cavalcanti');
INSERT INTO Emprestados VALUES (655, '2021-08-24', '2021-07-27', 'Coleção Beatriz Porto');
INSERT INTO Emprestados VALUES (251, '1982-02-19', '1982-01-11', 'Coleção Ryan Rocha');
INSERT INTO Emprestados VALUES (410, '1981-09-05', '1981-08-19', 'Coleção Vitor Hugo Barros');
INSERT INTO Emprestados VALUES (577, '2021-04-03', '2021-03-17', 'Coleção Vitor Hugo Barros');
INSERT INTO Emprestados VALUES (616, '1992-08-15', '1992-07-24', 'Coleção Ryan Rocha');
INSERT INTO Emprestados VALUES (429, '2003-01-27', '2002-12-06', 'Coleção Ryan Rocha');
INSERT INTO Emprestados VALUES (97, '1970-06-02', '1970-05-06', 'Coleção Lucca Cardoso');
INSERT INTO Emprestados VALUES (482, '2000-12-23', '2000-11-21', 'Coleção Vitor Hugo Barros');
INSERT INTO Emprestados VALUES (768, '1970-09-08', '1970-08-23', 'Coleção Sra. Natália da Rocha');
INSERT INTO Emprestados VALUES (585, '2009-03-17', '2009-02-15', 'Coleção Vitor Hugo Barros');
INSERT INTO Emprestados VALUES (169, '1985-06-04', '1985-05-16', 'Coleção Enzo Gabriel Campos');
INSERT INTO Emprestados VALUES (478, '1985-08-01', '1985-07-15', 'Coleção Sra. Natália da Rocha');
INSERT INTO Emprestados VALUES (267, '1985-10-13', '1985-09-08', 'Coleção Yago da Paz');
INSERT INTO Emprestados VALUES (707, '1977-11-24', '1977-10-13', 'Coleção Erick Cavalcanti');
INSERT INTO Emprestados VALUES (528, '1973-12-18', '1973-11-29', 'Coleção Ryan Rocha');
INSERT INTO Emprestados VALUES (369, '1985-10-06', '1985-09-30', 'Coleção Erick Cavalcanti');
INSERT INTO Emprestados VALUES (580, '1978-05-16', '1978-04-03', 'Coleção Lucca Cardoso');
INSERT INTO Emprestados VALUES (217, '1982-02-15', '1982-01-30', 'Coleção Ryan Rocha');
INSERT INTO Emprestados VALUES (690, '2018-01-10', '2017-12-13', 'Coleção Beatriz Porto');
INSERT INTO Emprestados VALUES (459, '2002-10-15', '2002-09-21', 'Coleção Beatriz Porto');
INSERT INTO Emprestados VALUES (975, '1990-06-29', '1990-05-13', 'Coleção Lucca Cardoso');
INSERT INTO Emprestados VALUES (660, '2016-02-18', '2016-01-11', 'Coleção Erick Cavalcanti');
INSERT INTO Emprestados VALUES (11, '1988-09-07', '1988-08-13', 'Coleção Yago da Paz');
INSERT INTO Emprestados VALUES (959, '2006-09-03', '2006-08-18', 'Coleção Vitor Hugo Barros');
INSERT INTO Emprestados VALUES (264, '1986-02-23', '1986-01-03', 'Coleção Erick Cavalcanti');
INSERT INTO Emprestados VALUES (83, '1997-05-18', '1997-04-05', 'Coleção Lucca Cardoso');
INSERT INTO Emprestados VALUES (133, '1997-12-21', '1997-11-09', 'Coleção Yago da Paz');
INSERT INTO Emprestados VALUES (979, '2009-10-24', '2009-09-11', 'Coleção Erick Cavalcanti');
INSERT INTO Emprestados VALUES (448, '1979-10-08', '1979-09-24', 'Coleção Erick Cavalcanti');
INSERT INTO Emprestados VALUES (733, '1981-05-10', '1981-04-30', 'Coleção Enzo Gabriel Campos');
INSERT INTO Emprestados VALUES (618, '1993-08-30', '1993-07-02', 'Coleção Bianca Nogueira');
INSERT INTO Emprestados VALUES (784, '1980-08-29', '1980-07-31', 'Coleção Bianca Nogueira');
INSERT INTO Emprestados VALUES (872, '2011-10-19', '2011-09-15', 'Coleção Erick Cavalcanti');
INSERT INTO Emprestados VALUES (822, '2011-01-14', '2010-12-26', 'Coleção Enzo Gabriel Campos');
INSERT INTO Emprestados VALUES (92, '2006-06-30', '2006-05-31', 'Coleção Beatriz Porto');
INSERT INTO Emprestados VALUES (916, '1998-03-30', '1998-02-03', 'Coleção Vitor Hugo Barros');
INSERT INTO Emprestados VALUES (748, '1986-12-07', '1986-11-09', 'Coleção Erick Cavalcanti');
INSERT INTO Emprestados VALUES (487, '1984-12-06', '1984-11-11', 'Coleção Sra. Natália da Rocha');
INSERT INTO Emprestados VALUES (36, '2021-07-28', '2021-06-27', 'Coleção Beatriz Porto');
INSERT INTO Emprestados VALUES (829, '1984-11-26', '1984-10-25', 'Coleção Yago da Paz');
INSERT INTO Emprestados VALUES (350, '1995-11-22', '1995-10-14', 'Coleção Yago da Paz');
INSERT INTO Emprestados VALUES (999, '1979-04-24', '1979-03-14', 'Coleção Vitor Hugo Barros');
INSERT INTO Emprestados VALUES (75, '1988-07-23', '1988-06-17', 'Coleção Ryan Rocha');
INSERT INTO Emprestados VALUES (502, '2005-06-20', '2005-05-26', 'Coleção Sra. Natália da Rocha');
INSERT INTO Emprestados VALUES (492, '1987-12-09', '1987-11-22', 'Coleção Sra. Natália da Rocha');
INSERT INTO Emprestados VALUES (252, '2011-08-13', '2011-07-26', 'Coleção Enzo Gabriel Campos');
INSERT INTO Emprestados VALUES (884, '1978-10-11', '1978-09-01', 'Coleção Yago da Paz');
INSERT INTO Emprestados VALUES (622, '1991-02-08', '1991-01-27', 'Coleção Erick Cavalcanti');
INSERT INTO Emprestados VALUES (238, '2012-01-15', '2011-12-16', 'Coleção Ryan Rocha');
INSERT INTO Emprestados VALUES (991, '2019-11-01', '2019-10-21', 'Coleção Ryan Rocha');
INSERT INTO Emprestados VALUES (300, '1986-01-05', '1985-12-17', 'Coleção Bianca Nogueira');
INSERT INTO Emprestados VALUES (409, '1974-10-16', '1974-09-04', 'Coleção Ryan Rocha');
INSERT INTO Emprestados VALUES (653, '1988-04-15', '1988-03-07', 'Coleção Erick Cavalcanti');
INSERT INTO Emprestados VALUES (90, '2002-05-17', '2002-04-18', 'Coleção Beatriz Porto');
INSERT INTO Emprestados VALUES (423, '2019-08-23', '2019-07-08', 'Coleção Bianca Nogueira');
INSERT INTO Emprestados VALUES (821, '2009-09-12', '2009-08-01', 'Coleção Vitor Hugo Barros');
INSERT INTO Emprestados VALUES (60, '1975-03-10', '1975-02-12', 'Coleção Bianca Nogueira');
INSERT INTO Emprestados VALUES (361, '2007-07-28', '2007-06-21', 'Coleção Bianca Nogueira');
INSERT INTO Emprestados VALUES (145, '1980-09-18', '1980-08-04', 'Coleção Bianca Nogueira');
INSERT INTO Emprestados VALUES (445, '1982-02-16', '1982-01-23', 'Coleção Ana Beatriz Gomes');
INSERT INTO Emprestados VALUES (362, '1997-10-05', '1997-09-06', 'Coleção Enzo Gabriel Campos');
INSERT INTO Emprestados VALUES (667, '2001-12-25', '2001-11-28', 'Coleção Sra. Natália da Rocha');
INSERT INTO Emprestados VALUES (764, '1984-02-06', '1984-01-17', 'Coleção Beatriz Porto');